#VRML V2.0 utf8
# 3D model generated by FastEDA

Shape{
    appearance Appearance {
        material  Material 	{
            diffuseColor 0.2980392156862745 0.2980392156862745 0.2980392156862745
            specularColor 0.14901960784313725 0.14901960784313725 0.14901960784313725
            ambientIntensity 0.298
            transparency 0.0
            shininess 0.5
        }
    }
    geometry IndexedFaceSet {
        ccw TRUE
        solid FALSE
        coord DEF co Coordinate {
            point [
                2.4016 2.2297 0.2835, 2.4016 2.2532 0.2835, 2.1994 2.2532 0.2835, 2.0635 2.1265 0.2835, 2.0606 2.1262 0.2835, 2.0805 2.1262 0.2835, 2.2369 2.2539 0.2835, 2.2288 2.2758 0.2835, 2.1994 2.2758 0.2835, 1.8248 2.2715 0.2835, 1.8402 2.2585 0.2835, 1.8942 2.3346 0.2835, 1.8942 2.2532 0.2835, 1.749 2.3429 0.2835, 1.7613 2.3346 0.2835, 1.7743 2.3258 0.2835, 1.7932 2.304 0.2835, 1.8051 2.2808 0.2835, 1.8078 2.2799 0.2835, 1.6309 2.3346 0.2835, 1.6425 2.3418 0.2835, -0.2841 2.4016 0.2835, 1.6688 2.3519 0.2835, 1.6969 2.3554 0.2835, 1.8942 2.4016 0.2835, 1.7204 2.3529 0.2835, 1.6286 2.3332 0.2835, -0.2841 2.3346 0.2835, -0.2841 2.2532 0.2835, 1.5063 2.2532 0.2835, 1.5113 2.2644 0.2835, 1.525 2.282 0.2835, 1.568 2.3065 0.2835, 1.5905 2.3093 0.2835, 1.6152 2.3217 0.2835, 1.597 2.3089 0.2835, 1.6036 2.3082 0.2835, 1.5288 2.2856 0.2835, 1.5469 2.2983 0.2835, 1.5399 2.1399 0.2835, 1.5222 2.155 0.2835, -0.2841 2.1262 0.2835, 1.5092 2.1735 0.2835, 1.501 2.1947 0.2835, 1.4982 2.2171 0.2835, 1.5605 2.1299 0.2835, 1.5684 2.1262 0.2835, 1.5677 2.1277 0.2835, 1.4984 2.2225 0.2835, -0.2841 2.2297 0.2835, 1.4997 2.2297 0.2835, 1.5022 2.2439 0.2835, -0.2841 2.0944 0.2835, 1.5982 2.0944 0.2835, 1.593 2.0966 0.2835, 1.5819 2.105 0.2835, 1.5734 2.1154 0.2835, 1.6453 2.0944 0.2835, 1.6356 2.0907 0.2835, 1.8942 -2.4016 0.2835, 1.6196 2.089 0.2835, 1.6062 2.0911 0.2835, -0.2841 -2.4016 0.2835, 1.6218 2.089 0.2835, 1.6751 2.1262 0.2835, 1.675 2.1258 0.2835, 1.8942 2.0944 0.2835, 1.6683 2.1131 0.2835, 1.6596 2.1035 0.2835, 1.6483 2.0956 0.2835, 1.8588 2.2249 0.2835, 1.8614 2.2063 0.2835, 1.8942 2.2297 0.2835, 1.7478 2.1597 0.2835, 1.7517 2.1613 0.2835, 1.7584 2.1937 0.2835, 1.8404 2.1522 0.2835, 1.8249 2.1391 0.2835, 1.8942 2.1262 0.2835, 1.6645 2.1841 0.2835, 1.7408 2.2239 0.2835, 1.6545 2.1931 0.2835, 1.6424 2.1996 0.2835, 1.7443 2.1573 0.2835, 1.8517 2.1679 0.2835, 1.8588 2.186 0.2835, 1.7561 2.1618 0.2835, 1.7567 2.1618 0.2835, 1.7584 2.1614 0.2835, 1.5389 2.1954 0.2835, 1.5456 2.184 0.2835, 1.5745 2.178 0.2835, 1.5558 2.1735 0.2835, 1.5683 2.1658 0.2835, 1.5956 2.1969 0.2835, 1.5355 2.2297 0.2835, 1.5839 2.1888 0.2835, 1.5341 2.2182 0.2835, 1.5348 2.2093 0.2835, 1.6081 2.2017 0.2835, 1.6218 2.2034 0.2835, 1.6287 2.203 0.2835, 1.7385 2.1442 0.2835, 1.7386 2.1464 0.2835, 1.6787 2.1516 0.2835, 1.7398 2.1508 0.2835, 1.742 2.1547 0.2835, 1.8146 2.1756 0.2835, 1.8208 2.1844 0.2835, 1.8248 2.1946 0.2835, 1.8261 2.2057 0.2835, 1.8258 2.2111 0.2835, 1.7518 2.1271 0.2835, 1.748 2.1286 0.2835, 1.7443 2.1312 0.2835, 1.743 2.1325 0.2835, 1.7405 2.1361 0.2835, 1.739 2.14 0.2835, 1.6784 2.1399 0.2835, 1.6787 2.1459 0.2835, 1.8075 2.1306 0.2835, 1.7886 2.1266 0.2835, 1.755 2.1266 0.2835, 1.7595 2.1613 0.2835, 1.7852 2.1613 0.2835, 1.7955 2.1633 0.2835, 1.8055 2.1679 0.2835, 1.8139 2.1748 0.2835, 1.7817 2.2501 0.2835, 1.7772 2.2501 0.2835, 1.8188 2.2297 0.2835, 1.791 2.2491 0.2835, 1.8231 2.222 0.2835, 1.5358 2.232 0.2835, 1.5407 2.2447 0.2835, 1.8177 2.2318 0.2835, 1.8101 2.2398 0.2835, 1.8011 2.2456 0.2835, 1.7649 2.2844 0.2835, 1.752 2.2997 0.2835, 1.6212 2.2666 0.2835, 1.7507 2.3009 0.2835, 1.7347 2.312 0.2835, 1.6299 2.2846 0.2835, 1.5466 2.2532 0.2835, 1.6173 2.2687 0.2835, 1.7765 2.2532 0.2835, 1.7737 2.2661 0.2835, 1.6045 2.2734 0.2835, 1.591 2.2751 0.2835, 1.585 2.2748 0.2835, 1.6427 2.2999 0.2835, 1.7168 2.3189 0.2835, 1.6579 2.311 0.2835, 1.6975 2.3212 0.2835, 1.6765 2.3185 0.2835, 1.5709 2.2715 0.2835, 1.5583 2.2647 0.2835, 1.5486 2.2561 0.2835, 1.844 2.2532 0.2835, 1.8519 2.2423 0.2835, 1.8569 2.2297 0.2835, 2.2484 2.2539 0.2835, 2.2179 2.3339 0.2835, 2.4016 2.3346 0.2835, 2.1994 2.3346 0.2835, 2.1877 2.2539 0.2835, 2.1763 2.2539 0.2835, 2.1741 2.2532 0.2835, 2.1954 2.2758 0.2835, 2.1741 2.3346 0.2835, 2.1994 2.3144 0.2835, 2.2068 2.3339 0.2835, 2.0805 2.2899 0.2835, 2.0588 2.2899 0.2835, 2.0805 2.263 0.2835, 2.0588 2.263 0.2835, 2.0991 2.3346 0.2835, 2.0805 2.3346 0.2835, 2.0897 2.3339 0.2835, 2.0805 2.3339 0.2835, 2.0875 2.2899 0.2835, 2.0916 2.263 0.2835, 2.0875 2.2991 0.2835, 2.0897 2.3247 0.2835, 2.0805 2.2991 0.2835, 2.0805 2.3247 0.2835, 2.0588 2.3247 0.2835, 2.0588 2.2991 0.2835, 2.0485 2.2539 0.2835, 2.0439 2.2532 0.2835, 2.0805 2.2532 0.2835, 2.0991 2.2532 0.2835, 2.0916 2.2539 0.2835, 2.0805 2.2539 0.2835, 2.0485 2.3339 0.2835, 2.0439 2.3346 0.2835, 2.0217 2.3346 0.2835, 2.0246 2.3343 0.2835, 2.0325 2.332 0.2835, 2.0325 2.3212 0.2835, 2.0325 2.2671 0.2835, 2.0325 2.2572 0.2835, 2.0311 2.2565 0.2835, 2.0225 2.2537 0.2835, 2.0174 2.2532 0.2835, 2.0159 2.2619 0.2835, 2.0249 2.2636 0.2835, 1.9834 2.2922 0.2835, 1.9834 2.293 0.2835, 1.9906 2.3157 0.2835, 1.9869 2.31 0.2835, 1.9844 2.3028 0.2835, 1.9846 2.2824 0.2835, 1.9872 2.2759 0.2835, 1.9912 2.2701 0.2835, 2.031 2.322 0.2835, 2.0228 2.3249 0.2835, 1.9927 2.2687 0.2835, 1.9979 2.2649 0.2835, 2.0136 2.3259 0.2835, 2.0101 2.3258 0.2835, 2.0032 2.3244 0.2835, 2.0036 2.2627 0.2835, 2.0118 2.2617 0.2835, 1.9969 2.3213 0.2835, 1.9918 2.3171 0.2835, 1.9761 2.4016 0.2835, 2.0135 2.3353 0.2835, 2.0439 2.4016 0.2835, 2.0143 2.3353 0.2835, 2.0069 2.3346 0.2835, 1.9761 2.3346 0.2835, 2.0036 2.3343 0.2835, 1.9949 2.3313 0.2835, 1.9786 2.3165 0.2835, 1.9841 2.3235 0.2835, 1.9869 2.3261 0.2835, 1.9761 2.2742 0.2835, 1.974 2.2795 0.2835, 1.9713 2.2532 0.2835, 1.9725 2.2924 0.2835, 1.9727 2.2974 0.2835, 1.9713 2.3346 0.2835, 1.9747 2.3077 0.2835, 1.9761 2.3109 0.2835, 1.9761 2.2297 0.2835, 2.0033 2.2532 0.2835, 1.9761 2.2532 0.2835, 1.9967 2.2546 0.2835, 1.9891 2.2581 0.2835, 1.9828 2.2634 0.2835, 1.982 2.2643 0.2835, 1.9773 2.2711 0.2835, 2.0439 2.2297 0.2835, 2.0103 2.2525 0.2835, 2.0053 2.2527 0.2835, -2.0687 2.2297 0.2835, -2.0664 2.2126 0.2835, -2.0713 2.176 0.2835, -2.1367 2.3346 0.2835, -2.1078 2.3125 0.2835, -2.0854 2.2832 0.2835, -2.0729 2.2532 0.2835, -2.0713 2.2491 0.2835, -2.2783 2.3349 0.2835, -2.4016 2.4016 0.2835, -2.2787 2.3346 0.2835, -2.4016 2.3346 0.2835, -2.3076 2.3125 0.2835, -2.1371 2.3349 0.2835, -2.2443 2.349 0.2835, -2.2077 2.3538 0.2835, -2.1711 2.349 0.2835, -2.4016 2.2532 0.2835, -2.4016 2.2297 0.2835, -2.3467 2.2297 0.2835, -2.3442 2.2491 0.2835, -2.3425 2.2532 0.2835, -2.33 2.2832 0.2835, -2.3179 2.1262 0.2835, -2.33 2.1419 0.2835, -2.4016 2.1262 0.2835, -2.3442 2.176 0.2835, -2.349 2.2126 0.2835, -2.3076 2.1127 0.2835, -2.4016 2.0944 0.2835, -2.2838 2.0944 0.2835, -2.1316 2.0944 0.2835, -2.2783 2.0902 0.2835, -2.4016 -2.4016 0.2835, -2.2443 2.0761 0.2835, -2.1371 2.0902 0.2835, -2.1711 2.0761 0.2835, -2.2077 2.0713 0.2835, -2.0854 2.1419 0.2835, -2.0975 2.1262 0.2835, -2.1078 2.1127 0.2835, 2.1695 2.2799 0.2835, 2.1655 2.2717 0.2835, 2.1434 2.3346 0.2835, 2.1434 2.3321 0.2835, 2.1523 2.3286 0.2835, 2.1598 2.3233 0.2835, 2.1634 2.3197 0.2835, 2.1681 2.3125 0.2835, 2.1434 2.2559 0.2835, 2.1434 2.2532 0.2835, 2.1513 2.259 0.2835, 2.1598 2.2651 0.2835, 2.159 2.2644 0.2835, 2.1709 2.3046 0.2835, 2.1719 2.2949 0.2835, 2.1716 2.2892 0.2835, 2.1295 2.3339 0.2835, 2.1428 2.3323 0.2835, 2.1421 2.2555 0.2835, 2.1287 2.2539 0.2835, 2.1067 2.2539 0.2835, 2.1067 2.3339 0.2835, 2.0071 2.1275 0.2835, 2.0033 2.1262 0.2835, 2.0156 2.1268 0.2835, 1.9837 2.1541 0.2835, 1.9853 2.1703 0.2835, 1.9817 2.1512 0.2835, 1.9803 2.1477 0.2835, 2.0106 2.1299 0.2835, 1.9918 2.1262 0.2835, 1.988 2.1276 0.2835, 1.9761 2.1262 0.2835, 1.9814 2.1342 0.2835, 1.9802 2.1376 0.2835, 2.0152 2.1835 0.2835, 2.0409 2.1754 0.2835, 2.0427 2.1781 0.2835, 2.0074 2.1768 0.2835, 2.004 2.1772 0.2835, 1.9987 2.1608 0.2835, 1.9868 2.1567 0.2835, 1.991 2.1589 0.2835, 1.9923 2.1746 0.2835, 1.9986 2.1767 0.2835, 1.9846 2.13 0.2835, 1.9835 2.1311 0.2835, 2.0185 2.1816 0.2835, 2.0212 2.1791 0.2835, 2.0397 2.1722 0.2835, 2.0232 2.1759 0.2835, 2.0248 2.1714 0.2835, 1.9853 2.18 0.2835, 1.9881 2.1816 0.2835, 2.0156 2.1357 0.2835, 2.0153 2.1357 0.2835, 2.0138 2.1333 0.2835, 1.9957 2.1843 0.2835, 2.005 2.1853 0.2835, 2.0109 2.1848 0.2835, 1.9797 2.1421 0.2835, 1.9797 2.1433 0.2835, 2.0438 2.1578 0.2835, 2.0392 2.1392 0.2835, 2.0439 2.1578 0.2835, 2.0431 2.1368 0.2835, 2.0439 2.1365 0.2835, 2.0421 2.1595 0.2835, 2.0408 2.1616 0.2835, 2.0256 2.1636 0.2835, 2.0397 2.1647 0.2835, 2.0393 2.1686 0.2835, 2.0156 2.1632 0.2835, 2.0153 2.1676 0.2835, 2.0142 2.1712 0.2835, 2.013 2.1733 0.2835, 2.0115 2.1749 0.2835, 2.0097 2.176 0.2835, 2.003 2.1261 0.2835, 2.0439 2.0944 0.2835, 1.9761 2.0944 0.2835, 1.9978 2.1255 0.2835, 1.992 2.1262 0.2835, 2.0392 2.1288 0.2835, 2.0256 2.1268 0.2835, 2.0439 2.1272 0.2835, 2.0439 2.1262 0.2835, 2.0464 2.1263 0.2835, 2.0481 2.1262 0.2835, 2.0547 2.1255 0.2835, 2.0805 2.0944 0.2835, 2.0751 2.1828 0.2835, 2.0751 2.173 0.2835, 2.0457 2.1808 0.2835, 2.048 2.1822 0.2835, 2.0439 2.1791 0.2835, 2.0774 2.1384 0.2835, 2.0761 2.1352 0.2835, 2.0743 2.1325 0.2835, 2.0534 2.1843 0.2835, 2.0616 2.1853 0.2835, 2.0805 2.2297 0.2835, 2.0674 2.1849 0.2835, 2.0745 2.1518 0.2835, 2.0764 2.1491 0.2835, 2.0774 2.1461 0.2835, 2.0778 2.1424 0.2835, 2.0714 2.13 0.2835, 2.0689 2.1285 0.2835, 2.0606 2.1772 0.2835, 2.0576 2.177 0.2835, 2.0496 2.1695 0.2835, 2.0549 2.1762 0.2835, 2.0527 2.1751 0.2835, 2.0497 2.1682 0.2835, 2.0501 2.1666 0.2835, 2.0508 2.1652 0.2835, 2.0518 2.1642 0.2835, 2.0553 2.162 0.2835, 2.0672 2.1764 0.2835, 2.0616 2.1593 0.2835, 2.0728 2.1744 0.2835, 2.0654 2.1577 0.2835, 2.0721 2.154 0.2835, 2.0512 2.1737 0.2835, 2.0503 2.1724 0.2835, 2.0498 2.1711 0.2835, 2.0494 2.1344 0.2835, 2.0545 2.152 0.2835, 2.0485 2.1547 0.2835, 2.0557 2.1337 0.2835, 2.0562 2.1337 0.2835, 2.0611 2.1492 0.2835, 2.0613 2.1342 0.2835, 2.0676 2.1414 0.2835, 2.0675 2.1427 0.2835, 2.0639 2.1352 0.2835, 2.0648 2.1357 0.2835, 2.066 2.1368 0.2835, 2.0668 2.1381 0.2835, 2.0673 2.1395 0.2835, 2.067 2.1442 0.2835, 2.0662 2.1455 0.2835, 2.065 2.1468 0.2835, 2.1276 2.184 0.2835, 2.138 2.184 0.2835, 2.1434 2.2297 0.2835, 2.1092 2.141 0.2835, 2.1105 2.1363 0.2835, 2.1107 2.1363 0.2835, 2.0991 2.2297 0.2835, 2.0991 2.1701 0.2835, 2.1119 2.141 0.2835, 2.1112 2.1383 0.2835, 2.0991 2.1432 0.2835, 2.0831 2.184 0.2835, 2.0943 2.184 0.2835, 2.1052 2.1262 0.2835, 2.1055 2.127 0.2835, 2.0991 2.1129 0.2835, 2.0991 2.113 0.2835, 2.0991 2.1262 0.2835, 2.1011 2.1166 0.2835, 2.0851 2.1096 0.2835, 2.0851 2.1007 0.2835, 2.0872 2.109 0.2835, 2.0908 2.1085 0.2835, 2.0932 2.1088 0.2835, 2.0991 2.1017 0.2835, 2.0957 2.1004 0.2835, 2.0991 2.0944 0.2835, 2.0916 2.0999 0.2835, 2.0894 2.1 0.2835, 2.0954 2.1096 0.2835, 2.0973 2.1109 0.2835, 2.112 2.1182 0.2835, 2.1075 2.1094 0.2835, 2.1434 2.0944 0.2835, 2.1151 2.1262 0.2835, 2.1038 2.1049 0.2835, 2.1031 2.1043 0.2835, 2.0996 2.1019 0.2835, 2.1741 2.1629 0.2835, 2.1591 2.1629 0.2835, 2.1741 2.136 0.2835, 2.1591 2.136 0.2835, 2.19 2.2069 0.2835, 2.19 2.1977 0.2835, 2.1994 2.2297 0.2835, 2.1918 2.136 0.2835, 2.1994 2.1262 0.2835, 2.1918 2.1268 0.2835, 2.1741 2.1262 0.2835, 2.1877 2.1629 0.2835, 2.1877 2.1721 0.2835, 2.1741 2.1721 0.2835, 2.1741 2.1977 0.2835, 2.1591 2.1977 0.2835, 2.1591 2.1721 0.2835, 2.1741 2.1268 0.2835, 2.1488 2.1268 0.2835, 2.1434 2.1262 0.2835, 2.1488 2.2069 0.2835, 2.1741 2.2069 0.2835, 2.1741 2.2297 0.2835, 2.0805 2.4016 0.2835, 2.0991 2.4016 0.2835, 2.1434 2.4016 0.2835, 2.1741 2.4016 0.2835, 2.1994 2.4016 0.2835, 2.4016 2.4016 0.2835, 1.9713 2.4016 0.2835, 1.9692 2.263 0.2835, 1.9692 2.2539 0.2835, 1.927 2.2539 0.2835, 1.927 2.3339 0.2835, 1.9374 2.3339 0.2835, 1.9374 2.263 0.2835, 1.9713 2.2297 0.2835, 2.288 2.1268 0.2835, 2.2766 2.1268 0.2835, 2.329 2.1487 0.2835, 2.2957 2.1487 0.2835, 2.3372 2.1268 0.2835, 2.4016 2.1262 0.2835, 2.207 2.2069 0.2835, 2.207 2.1268 0.2835, 2.229 2.1268 0.2835, 2.2424 2.1284 0.2835, 2.2516 2.132 0.2835, 2.3181 2.2069 0.2835, 2.3486 2.1268 0.2835, 2.3071 2.2069 0.2835, 2.2711 2.1776 0.2835, 2.2721 2.1679 0.2835, 2.2718 2.1622 0.2835, 2.2698 2.1529 0.2835, 2.2657 2.1447 0.2835, 2.2601 2.138 0.2835, 2.2593 2.1373 0.2835, 2.2601 2.1963 0.2835, 2.2636 2.1927 0.2835, 2.2684 2.1855 0.2835, 2.2298 2.2069 0.2835, 2.2431 2.2053 0.2835, 2.2526 2.2015 0.2835, 1.9713 2.1262 0.2835, 1.927 2.1268 0.2835, 1.9701 2.1268 0.2835, 1.9701 2.136 0.2835, 1.9683 2.1977 0.2835, 1.927 2.2069 0.2835, 1.9683 2.2069 0.2835, 1.9374 2.1629 0.2835, 1.9374 2.136 0.2835, 1.966 2.1629 0.2835, 1.966 2.1721 0.2835, 1.9374 2.1721 0.2835, 1.9374 2.1977 0.2835, 2.1741 2.0944 0.2835, 2.1994 2.0944 0.2835, 2.4016 2.0944 0.2835, 1.9713 2.0944 0.2835, 1.9713 -2.4016 0.2835, 1.9761 -2.4016 0.2835, 2.0439 -2.4016 0.2835, 2.0805 -2.4016 0.2835, 2.0991 -2.4016 0.2835, 2.1434 -2.4016 0.2835, 2.1741 -2.4016 0.2835, 2.1994 -2.4016 0.2835, 2.4016 -2.4016 0.2835, 2.248 -2.1667 0.0079, 2.1667 -2.2677 0.0079, 2.248 -2.1049 0.0079, 2.1049 -2.2677 0.0079, 2.4213 -2.1667 0.0079, 2.4213 -2.4016 0.0079, 2.1667 -2.4213 0.0079, 2.4016 -2.4213 0.0079, 2.4186 -2.4114 0.0079, 2.4155 -2.4155 0.0079, 2.4114 -2.4186 0.0079, 2.248 2.1049 0.0079, 2.4213 2.1049 0.0079, 2.4213 2.0289 0.0079, -2.4213 1.6156 0.0079, -2.4213 1.6915 0.0079, -2.248 1.6156 0.0079, -2.248 1.6915 0.0079, -1.6156 2.2677 0.0079, -1.5537 2.2677 0.0079, -1.1929 1.3898 0.0079, 2.1049 -2.4213 0.0079, 2.0289 -2.4213 0.0079, 2.0289 -2.2677 0.0079, 1.3898 -1.3898 0.0079, 1.9671 -2.2677 0.0079, -1.3898 -1.3898 0.0079, 2.4206 -2.4067 0.0079, 2.4067 -2.4206 0.0079, 2.4186 2.4114 0.0079, 2.4206 2.4067 0.0079, 2.248 2.1667 0.0079, 2.4213 2.4016 0.0079, 2.4213 2.1667 0.0079, 2.248 2.0289 0.0079, 2.248 1.9671 0.0079, 1.3898 1.3898 0.0079, -2.4213 1.7533 0.0079, -2.4213 1.8293 0.0079, -2.248 1.7533 0.0079, -2.248 1.8293 0.0079, 1.8293 -2.2677 0.0079, 1.8293 -2.4213 0.0079, 1.7533 -2.4213 0.0079, 2.4155 2.4155 0.0079, 1.7533 -2.2677 0.0079, 1.6915 -2.2677 0.0079, -1.6915 2.4213 0.0079, -1.6156 2.4213 0.0079, -1.6915 2.2677 0.0079, -1.8293 2.2677 0.0079, -1.8293 2.4213 0.0079, -1.7533 2.4213 0.0079, 1.8911 -2.2677 0.0079, 1.8911 -2.4213 0.0079, 1.9671 -2.4213 0.0079, 2.248 1.8293 0.0079, 2.4213 1.8293 0.0079, 2.4213 1.7533 0.0079, -1.5537 2.4213 0.0079, -1.4778 2.4213 0.0079, -1.4778 2.2677 0.0079, -1.4159 2.2677 0.0079, -2.248 1.8911 0.0079, -1.7533 2.2677 0.0079, 2.248 1.7533 0.0079, 2.248 1.6915 0.0079, -1.2781 2.2677 0.0079, -1.2781 2.4213 0.0079, -1.2022 2.4213 0.0079, -2.4213 1.8911 0.0079, -2.4213 1.9671 0.0079, -2.248 1.9671 0.0079, -2.4213 2.0289 0.0079, -2.4213 2.1049 0.0079, -2.248 2.0289 0.0079, -2.248 2.1049 0.0079, -1.9671 2.2677 0.0079, -1.9671 2.4213 0.0079, -1.8911 2.4213 0.0079, 1.5537 -2.2677 0.0079, 1.5537 -2.4213 0.0079, 1.4778 -2.4213 0.0079, 2.248 1.8911 0.0079, 2.4213 1.8911 0.0079, 2.4213 1.9671 0.0079, -1.2022 2.2677 0.0079, -1.1404 2.2677 0.0079, 1.4778 -2.2677 0.0079, 1.4159 -2.2677 0.0079, -1.34 2.2677 0.0079, -1.34 2.4213 0.0079, -1.4159 2.4213 0.0079, -1.8911 2.2677 0.0079, 1.6156 -2.2677 0.0079, 1.6156 -2.4213 0.0079, 1.6915 -2.4213 0.0079, -2.1049 2.4213 0.0079, -2.0289 2.4213 0.0079, -2.1049 2.2677 0.0079, -2.0289 2.2677 0.0079, -2.4016 2.4213 0.0079, -2.1667 2.4213 0.0079, -2.4213 2.4016 0.0079, -2.1667 2.2677 0.0079, 2.4213 1.6915 0.0079, 2.4213 1.6156 0.0079, 2.248 1.6156 0.0079, 2.248 1.5537 0.0079, -1.0026 2.2677 0.0079, -1.0026 2.4213 0.0079, -0.9266 2.4213 0.0079, -2.248 2.1667 0.0079, -2.4213 2.1667 0.0079, 1.2781 -2.2677 0.0079, 1.2781 -2.4213 0.0079, 1.2022 -2.4213 0.0079, 2.248 1.4159 0.0079, 2.4213 1.4159 0.0079, 2.4213 1.34 0.0079, -0.9266 2.2677 0.0079, -0.8648 2.2677 0.0079, -2.4186 2.4114 0.0079, -2.4155 2.4155 0.0079, -2.4114 2.4186 0.0079, 1.2022 -2.2677 0.0079, 1.1404 -2.2677 0.0079, 2.248 1.34 0.0079, 2.248 1.2781 0.0079, -1.0644 2.2677 0.0079, -1.0644 2.4213 0.0079, -1.1404 2.4213 0.0079, -2.4206 2.4067 0.0079, -2.4067 2.4206 0.0079, 1.34 -2.2677 0.0079, 1.34 -2.4213 0.0079, 1.4159 -2.4213 0.0079, 2.248 1.4778 0.0079, 2.4213 1.4778 0.0079, 2.4213 1.5537 0.0079, -0.727 2.2677 0.0079, -0.727 2.4213 0.0079, -0.651 2.4213 0.0079, 1.0026 -2.2677 0.0079, 1.0026 -2.4213 0.0079, 0.9266 -2.4213 0.0079, 2.248 1.1404 0.0079, 2.4213 1.1404 0.0079, 2.4213 1.0644 0.0079, -0.651 2.2677 0.0079, -0.5892 2.2677 0.0079, 0.9266 -2.2677 0.0079, 0.8648 -2.2677 0.0079, 2.248 1.0644 0.0079, 2.248 1.0026 0.0079, -0.7888 2.2677 0.0079, -0.7888 2.4213 0.0079, -0.8648 2.4213 0.0079, 1.0644 -2.2677 0.0079, 1.0644 -2.4213 0.0079, 1.1404 -2.4213 0.0079, 2.248 1.2022 0.0079, 2.4213 1.2022 0.0079, 2.4213 1.2781 0.0079, -0.4514 2.2677 0.0079, -0.4514 2.4213 0.0079, -0.3754 2.4213 0.0079, 0.727 -2.2677 0.0079, 0.727 -2.4213 0.0079, 0.651 -2.4213 0.0079, 2.248 0.8648 0.0079, 2.4213 0.8648 0.0079, 2.4213 0.7888 0.0079, -0.3754 2.2677 0.0079, -0.3136 2.2677 0.0079, 0.651 -2.2677 0.0079, 0.5892 -2.2677 0.0079, 2.248 0.7888 0.0079, 2.248 0.727 0.0079, -0.5132 2.2677 0.0079, -0.5132 2.4213 0.0079, -0.5892 2.4213 0.0079, 0.7888 -2.2677 0.0079, 0.7888 -2.4213 0.0079, 0.8648 -2.4213 0.0079, 2.248 0.9266 0.0079, 2.4213 0.9266 0.0079, 2.4213 1.0026 0.0079, -0.1758 2.2677 0.0079, -0.1758 2.4213 0.0079, -0.0998 2.4213 0.0079, 0.4514 -2.2677 0.0079, 0.4514 -2.4213 0.0079, 0.3754 -2.4213 0.0079, 2.248 0.5892 0.0079, 2.4213 0.5892 0.0079, 2.4213 0.5132 0.0079, -0.0998 2.2677 0.0079, -0.038 2.2677 0.0079, 0.3754 -2.2677 0.0079, 0.3136 -2.2677 0.0079, 2.248 0.5132 0.0079, 2.248 0.4514 0.0079, -0.2376 2.2677 0.0079, -0.2376 2.4213 0.0079, -0.3136 2.4213 0.0079, 0.5132 -2.2677 0.0079, 0.5132 -2.4213 0.0079, 0.5892 -2.4213 0.0079, 2.248 0.651 0.0079, 2.4213 0.651 0.0079, 2.4213 0.727 0.0079, 0.0998 2.2677 0.0079, 0.0998 2.4213 0.0079, 0.1758 2.4213 0.0079, 0.1758 -2.2677 0.0079, 0.1758 -2.4213 0.0079, 0.0998 -2.4213 0.0079, 2.248 0.3136 0.0079, 2.4213 0.3136 0.0079, 2.4213 0.2376 0.0079, 0.1758 2.2677 0.0079, 0.2376 2.2677 0.0079, 0.0998 -2.2677 0.0079, 0.038 -2.2677 0.0079, 2.248 0.2376 0.0079, 2.248 0.1758 0.0079, 0.038 2.2677 0.0079, 0.038 2.4213 0.0079, -0.038 2.4213 0.0079, 0.2376 -2.2677 0.0079, 0.2376 -2.4213 0.0079, 0.3136 -2.4213 0.0079, 2.248 0.3754 0.0079, 2.4213 0.3754 0.0079, 2.4213 0.4514 0.0079, 0.3754 2.2677 0.0079, 0.3754 2.4213 0.0079, 0.4514 2.4213 0.0079, -0.0998 -2.2677 0.0079, -0.0998 -2.4213 0.0079, -0.1758 -2.4213 0.0079, 2.248 0.038 0.0079, 2.4213 0.038 0.0079, 2.4213 -0.038 0.0079, 0.4514 2.2677 0.0079, 0.5132 2.2677 0.0079, -0.1758 -2.2677 0.0079, -0.2376 -2.2677 0.0079, 2.248 -0.038 0.0079, 2.248 -0.0998 0.0079, 0.3136 2.2677 0.0079, 0.3136 2.4213 0.0079, 0.2376 2.4213 0.0079, -0.038 -2.2677 0.0079, -0.038 -2.4213 0.0079, 0.038 -2.4213 0.0079, 2.248 0.0998 0.0079, 2.4213 0.0998 0.0079, 2.4213 0.1758 0.0079, 0.651 2.2677 0.0079, 0.651 2.4213 0.0079, 0.727 2.4213 0.0079, -0.3754 -2.2677 0.0079, -0.3754 -2.4213 0.0079, -0.4514 -2.4213 0.0079, 2.248 -0.2376 0.0079, 2.4213 -0.2376 0.0079, 2.4213 -0.3136 0.0079, 0.727 2.2677 0.0079, 0.7888 2.2677 0.0079, -0.4514 -2.2677 0.0079, -0.5132 -2.2677 0.0079, 2.248 -0.3136 0.0079, 2.248 -0.3754 0.0079, 0.5892 2.2677 0.0079, 0.5892 2.4213 0.0079, 0.5132 2.4213 0.0079, -0.3136 -2.2677 0.0079, -0.3136 -2.4213 0.0079, -0.2376 -2.4213 0.0079, 2.248 -0.1758 0.0079, 2.4213 -0.1758 0.0079, 2.4213 -0.0998 0.0079, 0.9266 2.2677 0.0079, 0.9266 2.4213 0.0079, 1.0026 2.4213 0.0079, 2.248 -0.5132 0.0079, 2.4213 -0.5132 0.0079, 2.4213 -0.5892 0.0079, 1.0026 2.2677 0.0079, 1.0644 2.2677 0.0079, -0.651 -2.4213 0.0079, -0.727 -2.4213 0.0079, -0.651 -2.2677 0.0079, -0.727 -2.2677 0.0079, -2.248 -0.727 0.0079, -2.4213 -0.727 0.0079, -2.4213 -0.651 0.0079, 2.248 -0.5892 0.0079, 2.248 -0.651 0.0079, 0.8648 2.2677 0.0079, 0.8648 2.4213 0.0079, 0.7888 2.4213 0.0079, -2.248 -0.5892 0.0079, -1.3898 1.1929 0.0079, -2.248 -0.651 0.0079, -0.7888 -2.2677 0.0079, -0.7888 -2.4213 0.0079, -0.8648 -2.4213 0.0079, 2.248 -0.4514 0.0079, 2.4213 -0.4514 0.0079, 2.4213 -0.3754 0.0079, -2.248 -0.4514 0.0079, -2.4213 -0.4514 0.0079, -2.4213 -0.3754 0.0079, -0.5132 -2.4213 0.0079, -0.5892 -2.4213 0.0079, -0.5892 -2.2677 0.0079, -2.248 -0.8648 0.0079, -2.4213 -0.8648 0.0079, -2.4213 -0.7888 0.0079, 1.2022 2.2677 0.0079, 1.2022 2.4213 0.0079, 1.2781 2.4213 0.0079, -2.248 -0.3754 0.0079, -2.248 -0.3136 0.0079, -0.9266 -2.2677 0.0079, -0.9266 -2.4213 0.0079, -1.0026 -2.4213 0.0079, 2.248 -0.7888 0.0079, 2.4213 -0.7888 0.0079, 2.4213 -0.8648 0.0079, 1.2781 2.2677 0.0079, 1.34 2.2677 0.0079, -2.248 -0.5132 0.0079, -2.4213 -0.5132 0.0079, -2.4213 -0.5892 0.0079, -0.8648 -2.2677 0.0079, -2.248 -0.7888 0.0079, -2.248 -1.0026 0.0079, -2.4213 -1.0026 0.0079, -2.4213 -0.9266 0.0079, 2.248 -0.8648 0.0079, 2.248 -0.9266 0.0079, 1.1404 2.2677 0.0079, 1.1404 2.4213 0.0079, 1.0644 2.4213 0.0079, -1.0644 -2.2677 0.0079, -1.0644 -2.4213 0.0079, -1.1404 -2.4213 0.0079, 2.248 -0.727 0.0079, 2.4213 -0.727 0.0079, 2.4213 -0.651 0.0079, 1.34 2.4213 0.0079, 1.4159 2.4213 0.0079, 1.4159 2.2677 0.0079, -2.248 -0.1758 0.0079, -2.4213 -0.1758 0.0079, -2.4213 -0.0998 0.0079, -1.0026 -2.2677 0.0079, -2.248 -0.9266 0.0079, -2.248 -1.1404 0.0079, -2.4213 -1.1404 0.0079, -2.4213 -1.0644 0.0079, -2.248 -0.0998 0.0079, -2.248 -0.038 0.0079, -1.2022 -2.2677 0.0079, -1.2022 -2.4213 0.0079, -1.2781 -2.4213 0.0079, 2.248 -1.0644 0.0079, 2.4213 -1.0644 0.0079, 2.4213 -1.1404 0.0079, -2.248 -0.2376 0.0079, -2.4213 -0.2376 0.0079, -2.4213 -0.3136 0.0079, -1.1404 -2.2677 0.0079, -2.248 -1.0644 0.0079, -2.248 -1.2781 0.0079, -2.4213 -1.2781 0.0079, -2.4213 -1.2022 0.0079, 2.248 -1.1404 0.0079, 2.248 -1.2022 0.0079, -1.34 -2.2677 0.0079, -1.34 -2.4213 0.0079, -1.4159 -2.4213 0.0079, 2.248 -1.0026 0.0079, 2.4213 -1.0026 0.0079, 2.4213 -0.9266 0.0079, -2.248 0.0998 0.0079, -2.4213 0.0998 0.0079, -2.4213 0.1758 0.0079, -1.2781 -2.2677 0.0079, -2.248 -1.2022 0.0079, -2.248 -1.4159 0.0079, -2.4213 -1.4159 0.0079, -2.4213 -1.34 0.0079, -2.248 0.1758 0.0079, -2.248 0.2376 0.0079, -2.248 0.038 0.0079, -2.4213 0.038 0.0079, -2.4213 -0.038 0.0079, -1.4159 -2.2677 0.0079, -2.248 -1.34 0.0079, -1.4778 -2.4213 0.0079, -1.5537 -2.4213 0.0079, -1.4778 -2.2677 0.0079, -1.5537 -2.2677 0.0079, 2.4213 -1.2022 0.0079, 2.4213 -1.2781 0.0079, 2.248 -1.2781 0.0079, 2.248 -1.34 0.0079, 1.4778 2.2677 0.0079, -1.6156 -2.2677 0.0079, -1.6156 -2.4213 0.0079, -1.6915 -2.4213 0.0079, 2.248 -1.4778 0.0079, 2.4213 -1.4778 0.0079, 2.4213 -1.5537 0.0079, 2.1667 2.4213 0.0079, 2.4016 2.4213 0.0079, 2.1667 2.2677 0.0079, 2.4067 2.4206 0.0079, 2.4114 2.4186 0.0079, -2.248 0.3754 0.0079, -2.4213 0.3754 0.0079, -2.4213 0.4514 0.0079, -2.4213 -1.5537 0.0079, -2.4213 -1.4778 0.0079, -2.248 -1.5537 0.0079, -2.248 -1.4778 0.0079, -2.248 -1.6915 0.0079, -2.4213 -1.6915 0.0079, -2.4213 -1.6156 0.0079, 2.248 -1.5537 0.0079, 2.248 -1.6156 0.0079, 1.4778 2.4213 0.0079, 1.5537 2.4213 0.0079, 1.5537 2.2677 0.0079, 1.6156 2.2677 0.0079, -2.248 0.4514 0.0079, -2.248 0.5132 0.0079, -1.7533 -2.2677 0.0079, -1.7533 -2.4213 0.0079, -1.8293 -2.4213 0.0079, 2.248 -1.4159 0.0079, 2.4213 -1.4159 0.0079, 2.4213 -1.34 0.0079, -2.248 0.3136 0.0079, -2.4213 0.3136 0.0079, -2.4213 0.2376 0.0079, -1.6915 -2.2677 0.0079, -2.248 -1.6156 0.0079, -2.248 -1.8293 0.0079, -2.4213 -1.8293 0.0079, -2.4213 -1.7533 0.0079, 1.6156 2.4213 0.0079, 1.6915 2.4213 0.0079, 1.6915 2.2677 0.0079, 1.7533 2.2677 0.0079, -1.8911 -2.2677 0.0079, -1.8911 -2.4213 0.0079, -1.9671 -2.4213 0.0079, 2.248 -1.7533 0.0079, 2.4213 -1.7533 0.0079, 2.4213 -1.8293 0.0079, -2.248 0.651 0.0079, -2.4213 0.651 0.0079, -2.4213 0.727 0.0079, -1.8293 -2.2677 0.0079, -2.248 -1.7533 0.0079, -2.248 -1.9671 0.0079, -2.4213 -1.9671 0.0079, -2.4213 -1.8911 0.0079, 2.248 -1.8293 0.0079, 2.248 -1.8911 0.0079, 1.7533 2.4213 0.0079, 1.8293 2.4213 0.0079, 1.8293 2.2677 0.0079, 1.8911 2.2677 0.0079, -2.248 0.727 0.0079, -2.248 0.7888 0.0079, -2.0289 -2.2677 0.0079, -2.0289 -2.4213 0.0079, -2.1049 -2.4213 0.0079, 2.248 -1.6915 0.0079, 2.4213 -1.6915 0.0079, 2.4213 -1.6156 0.0079, -2.248 0.5892 0.0079, -2.4213 0.5892 0.0079, -2.4213 0.5132 0.0079, -1.9671 -2.2677 0.0079, -2.248 -1.8911 0.0079, -2.248 -2.1049 0.0079, -2.4213 -2.1049 0.0079, -2.4213 -2.0289 0.0079, 1.8911 2.4213 0.0079, 1.9671 2.4213 0.0079, 1.9671 2.2677 0.0079, 2.0289 2.2677 0.0079, 2.248 -2.0289 0.0079, 2.4213 -2.0289 0.0079, 2.4213 -2.1049 0.0079, 2.1049 2.2677 0.0079, 2.1049 2.4213 0.0079, 2.0289 2.4213 0.0079, -2.248 0.9266 0.0079, -2.4213 0.9266 0.0079, -2.4213 1.0026 0.0079, -2.1049 -2.2677 0.0079, -2.248 -2.0289 0.0079, -2.4213 -2.4016 0.0079, -2.4213 -2.1667 0.0079, -2.248 -2.1667 0.0079, 2.248 -1.9671 0.0079, 2.4213 -1.9671 0.0079, 2.4213 -1.8911 0.0079, -2.248 1.0026 0.0079, -2.248 1.0644 0.0079, -2.248 0.8648 0.0079, -2.4213 0.8648 0.0079, -2.4213 0.7888 0.0079, -2.1667 -2.2677 0.0079, -2.1667 -2.4213 0.0079, -2.4016 -2.4213 0.0079, -2.4114 -2.4186 0.0079, -2.4155 -2.4155 0.0079, -2.4186 -2.4114 0.0079, -2.4067 -2.4206 0.0079, -2.4206 -2.4067 0.0079, -2.248 1.4778 0.0079, -2.4213 1.4778 0.0079, -2.4213 1.5537 0.0079, -2.248 1.5537 0.0079, -2.4213 1.0644 0.0079, -2.4213 1.1404 0.0079, -2.248 1.1404 0.0079, -2.248 1.2022 0.0079, -2.4213 1.2022 0.0079, -2.4213 1.2781 0.0079, -2.248 1.2781 0.0079, -2.248 1.34 0.0079, -2.4213 1.34 0.0079, -2.4213 1.4159 0.0079, -2.248 1.4159 0.0079, 2.4213 -2.4016 0.2638, 2.4213 -2.1049 0.0866, 2.4213 -2.0289 0.0866, 2.4213 -1.6915 0.0866, 2.4213 -2.1667 0.0866, 2.4213 2.4016 0.2638, 2.4213 -1.9671 0.0866, 2.4213 -1.8911 0.0866, 2.4213 -1.8293 0.0866, 2.4213 -1.2781 0.0866, 2.4213 -1.6156 0.0866, 2.4213 -1.5537 0.0866, 2.4213 -1.7533 0.0866, 2.4213 -1.4778 0.0866, 2.4213 -1.4159 0.0866, 2.4213 -1.2022 0.0866, 2.4213 -1.1404 0.0866, 2.4213 -0.8648 0.0866, 2.4213 -1.34 0.0866, 2.4213 -0.7888 0.0866, 2.4213 -0.727 0.0866, 2.4213 -0.5892 0.0866, 2.4213 -1.0644 0.0866, 2.4213 -1.0026 0.0866, 2.4213 -0.9266 0.0866, 2.4213 -0.5132 0.0866, 2.4213 -0.4514 0.0866, 2.4213 -0.3136 0.0866, 2.4213 -0.651 0.0866, 2.4213 -0.2376 0.0866, 2.4213 -0.1758 0.0866, 2.4213 -0.038 0.0866, 2.4213 -0.3754 0.0866, 2.4213 0.038 0.0866, 2.4213 0.0998 0.0866, 2.4213 0.2376 0.0866, 2.4213 -0.0998 0.0866, 2.4213 0.3136 0.0866, 2.4213 0.3754 0.0866, 2.4213 0.1758 0.0866, 2.4213 0.5132 0.0866, 2.4213 0.5892 0.0866, 2.4213 0.651 0.0866, 2.4213 0.4514 0.0866, 2.4213 0.7888 0.0866, 2.4213 0.8648 0.0866, 2.4213 0.9266 0.0866, 2.4213 0.727 0.0866, 2.4213 1.0644 0.0866, 2.4213 1.1404 0.0866, 2.4213 1.2022 0.0866, 2.4213 1.0026 0.0866, 2.4213 1.34 0.0866, 2.4213 1.4159 0.0866, 2.4213 1.4778 0.0866, 2.4213 1.2781 0.0866, 2.4213 1.6156 0.0866, 2.4213 1.6915 0.0866, 2.4213 1.7533 0.0866, 2.4213 1.5537 0.0866, 2.4213 1.8911 0.0866, 2.4213 1.9671 0.0866, 2.4213 2.0289 0.0866, 2.4213 1.8293 0.0866, 2.4213 2.1667 0.0866, 2.4213 2.1049 0.0866, 2.4016 2.4213 0.2638, 2.1049 2.4213 0.0866, 2.0289 2.4213 0.0866, 1.6915 2.4213 0.0866, 2.1667 2.4213 0.0866, -2.4016 2.4213 0.2638, 1.9671 2.4213 0.0866, 1.8911 2.4213 0.0866, 1.8293 2.4213 0.0866, 1.2781 2.4213 0.0866, 1.6156 2.4213 0.0866, 1.5537 2.4213 0.0866, 1.7533 2.4213 0.0866, 1.4778 2.4213 0.0866, 1.4159 2.4213 0.0866, 1.2022 2.4213 0.0866, 1.1404 2.4213 0.0866, 0.8648 2.4213 0.0866, 1.34 2.4213 0.0866, 0.7888 2.4213 0.0866, 0.727 2.4213 0.0866, 0.5892 2.4213 0.0866, 1.0644 2.4213 0.0866, 1.0026 2.4213 0.0866, 0.9266 2.4213 0.0866, 0.5132 2.4213 0.0866, 0.4514 2.4213 0.0866, 0.3136 2.4213 0.0866, 0.651 2.4213 0.0866, 0.2376 2.4213 0.0866, 0.1758 2.4213 0.0866, 0.038 2.4213 0.0866, 0.3754 2.4213 0.0866, -0.038 2.4213 0.0866, -0.0998 2.4213 0.0866, -0.2376 2.4213 0.0866, 0.0998 2.4213 0.0866, -0.3136 2.4213 0.0866, -0.3754 2.4213 0.0866, -0.1758 2.4213 0.0866, -0.5132 2.4213 0.0866, -0.5892 2.4213 0.0866, -0.651 2.4213 0.0866, -0.4514 2.4213 0.0866, -0.7888 2.4213 0.0866, -0.8648 2.4213 0.0866, -0.9266 2.4213 0.0866, -0.727 2.4213 0.0866, -1.0644 2.4213 0.0866, -1.1404 2.4213 0.0866, -1.2022 2.4213 0.0866, -1.0026 2.4213 0.0866, -1.34 2.4213 0.0866, -1.4159 2.4213 0.0866, -1.4778 2.4213 0.0866, -1.2781 2.4213 0.0866, -1.6156 2.4213 0.0866, -1.6915 2.4213 0.0866, -1.7533 2.4213 0.0866, -1.5537 2.4213 0.0866, -1.8911 2.4213 0.0866, -1.9671 2.4213 0.0866, -2.0289 2.4213 0.0866, -1.8293 2.4213 0.0866, -2.1667 2.4213 0.0866, -2.1049 2.4213 0.0866, -2.4213 2.4016 0.2638, -2.4213 2.1049 0.0866, -2.4213 2.0289 0.0866, -2.4213 1.6915 0.0866, -2.4213 2.1667 0.0866, -2.4213 -2.4016 0.2638, -2.4213 1.9671 0.0866, -2.4213 1.8911 0.0866, -2.4213 1.8293 0.0866, -2.4213 1.2781 0.0866, -2.4213 1.6156 0.0866, -2.4213 1.5537 0.0866, -2.4213 1.7533 0.0866, -2.4213 1.4778 0.0866, -2.4213 1.4159 0.0866, -2.4213 1.2022 0.0866, -2.4213 1.1404 0.0866, -2.4213 0.8648 0.0866, -2.4213 1.34 0.0866, -2.4213 0.7888 0.0866, -2.4213 0.727 0.0866, -2.4213 0.5892 0.0866, -2.4213 1.0644 0.0866, -2.4213 1.0026 0.0866, -2.4213 0.9266 0.0866, -2.4213 0.5132 0.0866, -2.4213 0.4514 0.0866, -2.4213 0.3136 0.0866, -2.4213 0.651 0.0866, -2.4213 0.2376 0.0866, -2.4213 0.1758 0.0866, -2.4213 0.038 0.0866, -2.4213 0.3754 0.0866, -2.4213 -0.038 0.0866, -2.4213 -0.0998 0.0866, -2.4213 -0.2376 0.0866, -2.4213 0.0998 0.0866, -2.4213 -0.3136 0.0866, -2.4213 -0.3754 0.0866, -2.4213 -0.1758 0.0866, -2.4213 -0.5132 0.0866, -2.4213 -0.5892 0.0866, -2.4213 -0.651 0.0866, -2.4213 -0.4514 0.0866, -2.4213 -0.7888 0.0866, -2.4213 -0.8648 0.0866, -2.4213 -0.9266 0.0866, -2.4213 -0.727 0.0866, -2.4213 -1.0644 0.0866, -2.4213 -1.1404 0.0866, -2.4213 -1.2022 0.0866, -2.4213 -1.0026 0.0866, -2.4213 -1.34 0.0866, -2.4213 -1.4159 0.0866, -2.4213 -1.4778 0.0866, -2.4213 -1.2781 0.0866, -2.4213 -1.6156 0.0866, -2.4213 -1.6915 0.0866, -2.4213 -1.7533 0.0866, -2.4213 -1.5537 0.0866, -2.4213 -1.8911 0.0866, -2.4213 -1.9671 0.0866, -2.4213 -2.0289 0.0866, -2.4213 -1.8293 0.0866, -2.4213 -2.1667 0.0866, -2.4213 -2.1049 0.0866, -2.4016 -2.4213 0.2638, -2.1049 -2.4213 0.0866, -2.0289 -2.4213 0.0866, -1.6915 -2.4213 0.0866, -2.1667 -2.4213 0.0866, 2.4016 -2.4213 0.2638, -1.9671 -2.4213 0.0866, -1.8911 -2.4213 0.0866, -1.8293 -2.4213 0.0866, -1.2781 -2.4213 0.0866, -1.6156 -2.4213 0.0866, -1.5537 -2.4213 0.0866, -1.7533 -2.4213 0.0866, -1.4778 -2.4213 0.0866, -1.4159 -2.4213 0.0866, -1.2022 -2.4213 0.0866, -1.1404 -2.4213 0.0866, -0.8648 -2.4213 0.0866, -1.34 -2.4213 0.0866, -0.7888 -2.4213 0.0866, -0.727 -2.4213 0.0866, -0.5892 -2.4213 0.0866, -1.0644 -2.4213 0.0866, -1.0026 -2.4213 0.0866, -0.9266 -2.4213 0.0866, -0.5132 -2.4213 0.0866, -0.4514 -2.4213 0.0866, -0.3136 -2.4213 0.0866, -0.651 -2.4213 0.0866, -0.2376 -2.4213 0.0866, -0.1758 -2.4213 0.0866, -0.038 -2.4213 0.0866, -0.3754 -2.4213 0.0866, 0.038 -2.4213 0.0866, 0.0998 -2.4213 0.0866, 0.2376 -2.4213 0.0866, -0.0998 -2.4213 0.0866, 0.3136 -2.4213 0.0866, 0.3754 -2.4213 0.0866, 0.1758 -2.4213 0.0866, 0.5132 -2.4213 0.0866, 0.5892 -2.4213 0.0866, 0.651 -2.4213 0.0866, 0.4514 -2.4213 0.0866, 0.7888 -2.4213 0.0866, 0.8648 -2.4213 0.0866, 0.9266 -2.4213 0.0866, 0.727 -2.4213 0.0866, 1.0644 -2.4213 0.0866, 1.1404 -2.4213 0.0866, 1.2022 -2.4213 0.0866, 1.0026 -2.4213 0.0866, 1.34 -2.4213 0.0866, 1.4159 -2.4213 0.0866, 1.4778 -2.4213 0.0866, 1.2781 -2.4213 0.0866, 1.6156 -2.4213 0.0866, 1.6915 -2.4213 0.0866, 1.7533 -2.4213 0.0866, 1.5537 -2.4213 0.0866, 1.8911 -2.4213 0.0866, 1.9671 -2.4213 0.0866, 2.0289 -2.4213 0.0866, 1.8293 -2.4213 0.0866, 2.1667 -2.4213 0.0866, 2.1049 -2.4213 0.0866
            ]
        }
        coordIndex [
            0,1,2,-1,3,4,5,-1,6,7,8,-1,9,10,11,-1,11,10,12,-1,13,14,11,-1,11,14,15,-1,11,15,16,-1,16,17,11,-1,11,17,18,-1,11,18,9,-1,19,20,21,-1,20,22,21,-1,21,22,23,-1,21,23,24,-1,24,23,25,-1,26,19,27,-1,28,29,27,-1,27,29,30,-1,27,30,31,-1,27,32,26,-1,26,32,33,-1,26,33,34,-1,34,33,35,-1,34,35,36,-1,31,37,27,-1,27,37,38,-1,27,38,32,-1,39,40,41,-1,40,42,41,-1,41,42,43,-1,41,43,44,-1,39,41,45,-1,45,41,46,-1,45,46,47,-1,44,48,49,-1,49,48,50,-1,49,50,28,-1,28,50,51,-1,28,51,29,-1,52,53,41,-1,41,53,54,-1,54,55,41,-1,41,55,56,-1,41,56,46,-1,57,58,59,-1,60,61,62,-1,59,58,62,-1,62,58,63,-1,62,63,60,-1,64,65,66,-1,66,65,67,-1,67,68,66,-1,66,68,69,-1,66,69,57,-1,70,71,72,-1,73,74,75,-1,76,77,78,-1,79,80,81,-1,81,80,82,-1,73,75,83,-1,76,78,84,-1,72,71,78,-1,78,71,85,-1,78,85,84,-1,74,86,75,-1,75,86,87,-1,75,87,88,-1,89,90,91,-1,91,90,92,-1,91,92,93,-1,94,95,96,-1,96,95,97,-1,96,97,91,-1,91,97,98,-1,91,98,89,-1,94,99,95,-1,95,99,100,-1,95,100,80,-1,80,100,101,-1,80,101,82,-1,102,103,104,-1,104,103,105,-1,104,105,75,-1,75,105,106,-1,75,106,83,-1,107,108,75,-1,75,108,109,-1,75,109,80,-1,80,109,110,-1,80,110,111,-1,112,113,64,-1,64,113,114,-1,64,114,115,-1,115,116,64,-1,64,116,117,-1,64,117,118,-1,118,117,102,-1,118,102,119,-1,119,102,104,-1,77,120,78,-1,78,120,121,-1,78,121,64,-1,64,121,122,-1,64,122,112,-1,88,123,75,-1,75,123,124,-1,75,124,125,-1,125,126,75,-1,75,126,127,-1,75,127,107,-1,128,129,130,-1,128,130,131,-1,111,132,80,-1,80,132,130,-1,80,130,95,-1,95,130,129,-1,95,129,133,-1,133,129,134,-1,135,136,130,-1,130,136,137,-1,130,137,131,-1,138,139,140,-1,139,141,140,-1,140,141,142,-1,140,142,143,-1,144,140,145,-1,134,129,144,-1,144,129,146,-1,144,146,140,-1,140,146,147,-1,140,147,138,-1,145,148,144,-1,144,148,149,-1,144,149,150,-1,143,142,151,-1,151,142,152,-1,151,152,153,-1,153,152,154,-1,153,154,155,-1,156,157,150,-1,150,157,158,-1,150,158,144,-1,10,159,12,-1,12,159,160,-1,12,160,72,-1,72,160,161,-1,72,161,70,-1,6,2,162,-1,162,2,1,-1,162,1,163,-1,163,1,164,-1,163,164,165,-1,166,167,168,-1,6,8,2,-1,2,8,169,-1,2,169,166,-1,168,167,170,-1,170,167,171,-1,170,171,165,-1,165,171,172,-1,165,172,163,-1,173,174,175,-1,175,174,176,-1,177,178,179,-1,179,178,180,-1,173,175,181,-1,181,175,182,-1,181,182,183,-1,183,182,184,-1,183,184,185,-1,184,186,185,-1,185,186,187,-1,185,187,188,-1,189,190,191,-1,179,184,177,-1,177,184,182,-1,177,182,192,-1,192,182,193,-1,192,193,191,-1,191,193,194,-1,191,194,189,-1,180,178,195,-1,195,178,196,-1,195,196,189,-1,197,198,196,-1,196,198,199,-1,196,199,200,-1,201,202,190,-1,202,203,190,-1,190,203,204,-1,190,204,205,-1,206,207,208,-1,208,207,201,-1,208,201,209,-1,210,211,201,-1,201,211,212,-1,201,212,209,-1,213,214,215,-1,189,196,190,-1,190,196,200,-1,190,200,201,-1,201,200,216,-1,201,216,217,-1,213,215,208,-1,208,215,218,-1,208,218,219,-1,217,220,201,-1,201,220,221,-1,201,221,222,-1,219,223,208,-1,208,223,224,-1,208,224,206,-1,222,225,201,-1,201,225,226,-1,201,226,210,-1,227,228,229,-1,229,228,230,-1,229,230,197,-1,231,232,233,-1,233,232,234,-1,235,236,232,-1,232,236,237,-1,232,237,234,-1,238,239,240,-1,240,239,241,-1,241,242,243,-1,243,242,244,-1,243,244,232,-1,232,244,245,-1,232,245,235,-1,246,247,248,-1,248,247,249,-1,248,249,250,-1,250,251,248,-1,248,251,252,-1,248,252,253,-1,254,255,246,-1,246,255,256,-1,246,256,247,-1,49,257,258,-1,44,49,41,-1,41,49,258,-1,41,258,259,-1,260,261,27,-1,27,261,262,-1,27,262,28,-1,28,262,263,-1,28,263,49,-1,49,263,264,-1,49,264,257,-1,265,266,267,-1,267,266,268,-1,267,268,269,-1,19,21,27,-1,27,21,270,-1,27,270,260,-1,265,271,266,-1,266,271,272,-1,266,272,21,-1,21,272,273,-1,21,273,270,-1,274,275,276,-1,276,277,274,-1,274,277,278,-1,274,278,268,-1,268,278,279,-1,268,279,269,-1,280,281,282,-1,282,281,283,-1,282,283,275,-1,275,283,284,-1,275,284,276,-1,280,282,285,-1,285,282,286,-1,285,286,287,-1,288,62,52,-1,52,62,61,-1,52,61,53,-1,287,286,289,-1,289,286,290,-1,289,290,291,-1,288,292,62,-1,62,292,293,-1,62,293,290,-1,290,293,294,-1,290,294,291,-1,259,295,41,-1,41,295,296,-1,41,296,52,-1,52,296,297,-1,52,297,288,-1,298,299,168,-1,300,301,170,-1,170,301,302,-1,302,303,170,-1,170,303,304,-1,170,304,305,-1,306,307,308,-1,308,307,168,-1,299,309,168,-1,168,309,310,-1,168,310,308,-1,305,311,170,-1,170,311,312,-1,170,312,168,-1,168,312,313,-1,168,313,298,-1,177,314,300,-1,300,314,315,-1,300,315,301,-1,306,316,307,-1,307,316,317,-1,307,317,192,-1,192,317,318,-1,192,318,177,-1,177,318,319,-1,177,319,314,-1,320,321,322,-1,323,324,325,-1,325,324,326,-1,320,322,327,-1,328,329,330,-1,330,331,332,-1,333,334,335,-1,336,337,338,-1,323,339,324,-1,324,339,340,-1,324,340,341,-1,341,340,338,-1,341,338,342,-1,342,338,337,-1,329,343,330,-1,330,343,344,-1,330,344,331,-1,333,345,334,-1,334,345,346,-1,334,346,347,-1,347,346,348,-1,347,348,349,-1,246,350,351,-1,352,353,322,-1,322,353,354,-1,322,354,327,-1,351,355,246,-1,246,355,356,-1,246,356,357,-1,332,358,330,-1,330,358,359,-1,330,359,246,-1,246,359,326,-1,246,326,350,-1,350,326,324,-1,360,361,362,-1,362,361,363,-1,362,363,364,-1,365,366,367,-1,367,366,368,-1,367,368,349,-1,349,368,369,-1,349,369,347,-1,370,371,338,-1,338,371,372,-1,338,372,373,-1,373,374,338,-1,338,374,375,-1,338,375,336,-1,321,376,377,-1,377,376,378,-1,378,376,379,-1,378,379,380,-1,360,365,361,-1,361,365,367,-1,361,367,381,-1,381,367,382,-1,381,382,383,-1,383,382,384,-1,383,384,385,-1,385,384,386,-1,387,386,377,-1,377,386,384,-1,377,384,321,-1,321,384,382,-1,321,382,322,-1,387,377,4,-1,4,377,388,-1,4,388,5,-1,389,390,5,-1,391,392,254,-1,357,333,246,-1,246,333,335,-1,246,335,254,-1,254,335,393,-1,254,393,391,-1,394,395,5,-1,5,395,396,-1,392,397,254,-1,254,397,398,-1,254,398,399,-1,399,398,400,-1,399,400,389,-1,401,402,390,-1,390,402,403,-1,390,403,5,-1,5,403,404,-1,5,404,394,-1,396,405,5,-1,5,405,406,-1,5,406,3,-1,407,408,409,-1,409,408,410,-1,409,410,411,-1,409,412,407,-1,407,412,413,-1,407,413,414,-1,414,415,407,-1,407,415,416,-1,407,416,417,-1,417,416,418,-1,417,418,419,-1,419,418,420,-1,419,420,390,-1,390,420,421,-1,390,421,401,-1,422,423,411,-1,411,423,424,-1,411,424,409,-1,425,426,364,-1,364,426,427,-1,364,427,362,-1,425,428,426,-1,426,428,429,-1,426,429,430,-1,430,429,431,-1,430,432,433,-1,431,434,430,-1,430,434,435,-1,430,435,436,-1,436,437,430,-1,430,437,438,-1,430,438,432,-1,433,439,430,-1,430,439,440,-1,430,440,441,-1,442,443,444,-1,445,446,447,-1,444,448,442,-1,442,448,449,-1,442,449,450,-1,450,449,445,-1,450,445,451,-1,451,445,447,-1,452,453,5,-1,389,5,399,-1,399,5,453,-1,399,453,448,-1,448,453,454,-1,448,454,449,-1,455,456,452,-1,457,458,459,-1,459,458,460,-1,459,460,455,-1,455,452,459,-1,459,452,5,-1,459,5,461,-1,461,5,388,-1,461,388,462,-1,461,463,459,-1,459,463,464,-1,459,464,465,-1,466,467,468,-1,468,467,469,-1,468,469,388,-1,388,469,470,-1,388,470,462,-1,465,471,459,-1,459,471,472,-1,459,472,457,-1,473,474,475,-1,473,475,476,-1,474,477,475,-1,475,477,478,-1,475,478,468,-1,468,478,479,-1,468,479,466,-1,480,481,482,-1,482,481,483,-1,484,485,486,-1,486,485,487,-1,486,487,488,-1,488,487,489,-1,488,489,490,-1,480,482,491,-1,491,482,487,-1,491,487,492,-1,492,487,485,-1,492,485,493,-1,485,494,493,-1,493,494,495,-1,493,495,496,-1,489,497,490,-1,490,497,498,-1,490,498,499,-1,499,498,500,-1,484,486,501,-1,501,486,502,-1,501,502,500,-1,500,502,444,-1,500,444,499,-1,499,444,443,-1,499,443,476,-1,197,196,229,-1,229,196,178,-1,229,178,503,-1,503,178,177,-1,503,177,504,-1,504,177,300,-1,504,300,505,-1,505,300,170,-1,505,170,506,-1,506,170,165,-1,506,165,507,-1,507,165,164,-1,507,164,508,-1,24,243,509,-1,509,243,232,-1,509,232,227,-1,227,232,231,-1,227,231,228,-1,241,243,240,-1,240,243,510,-1,240,510,511,-1,12,512,11,-1,11,512,513,-1,11,513,514,-1,515,510,514,-1,514,510,243,-1,514,243,11,-1,11,243,24,-1,11,24,13,-1,13,24,25,-1,486,168,502,-1,502,168,307,-1,502,307,444,-1,444,307,192,-1,444,192,448,-1,448,192,191,-1,448,191,399,-1,399,191,190,-1,399,190,254,-1,254,190,205,-1,254,205,255,-1,511,512,240,-1,240,512,12,-1,240,12,516,-1,516,12,72,-1,517,518,488,-1,519,520,521,-1,521,520,517,-1,521,517,522,-1,522,517,488,-1,523,486,524,-1,524,486,488,-1,524,488,525,-1,525,488,518,-1,525,518,526,-1,526,518,527,-1,0,528,522,-1,522,528,529,-1,522,529,521,-1,166,168,2,-1,2,168,486,-1,2,486,0,-1,0,486,530,-1,0,530,528,-1,531,532,530,-1,530,532,533,-1,530,533,518,-1,518,533,534,-1,518,534,535,-1,535,536,518,-1,518,536,537,-1,518,537,527,-1,538,539,530,-1,530,539,540,-1,530,540,531,-1,523,541,486,-1,486,541,542,-1,486,542,530,-1,530,542,543,-1,530,543,538,-1,253,238,248,-1,248,238,240,-1,248,240,246,-1,246,240,516,-1,246,516,330,-1,330,516,544,-1,78,544,545,-1,545,544,546,-1,546,544,547,-1,547,544,516,-1,547,516,548,-1,78,545,72,-1,72,545,549,-1,72,549,516,-1,516,549,550,-1,516,550,548,-1,551,552,553,-1,553,552,547,-1,553,547,554,-1,554,547,548,-1,554,548,555,-1,555,548,556,-1,476,475,499,-1,499,475,557,-1,499,557,490,-1,490,557,558,-1,490,558,488,-1,488,558,559,-1,488,559,522,-1,64,66,78,-1,78,66,560,-1,78,560,544,-1,544,560,378,-1,544,378,330,-1,330,378,380,-1,330,380,328,-1,57,59,66,-1,66,59,561,-1,66,561,560,-1,560,561,562,-1,560,562,378,-1,378,562,563,-1,378,563,377,-1,377,563,564,-1,377,564,388,-1,388,564,565,-1,388,565,468,-1,468,565,566,-1,468,566,475,-1,475,566,567,-1,475,567,557,-1,557,567,568,-1,557,568,558,-1,558,568,569,-1,558,569,559,-1,570,571,572,-1,572,571,573,-1,570,574,571,-1,571,574,575,-1,571,575,576,-1,576,575,577,-1,578,579,580,-1,581,582,583,-1,584,585,586,-1,586,585,587,-1,588,589,590,-1,591,592,573,-1,573,592,593,-1,573,593,594,-1,594,593,595,-1,594,595,596,-1,575,597,577,-1,577,597,578,-1,577,578,598,-1,598,578,580,-1,599,600,601,-1,601,600,602,-1,601,602,603,-1,604,605,606,-1,607,608,609,-1,609,608,610,-1,611,612,613,-1,583,604,581,-1,581,604,606,-1,581,606,601,-1,601,606,614,-1,601,614,599,-1,615,616,596,-1,617,618,619,-1,619,618,588,-1,620,621,622,-1,613,615,611,-1,611,615,596,-1,611,596,623,-1,623,596,595,-1,623,595,624,-1,624,595,625,-1,626,627,628,-1,629,630,589,-1,589,630,631,-1,589,631,590,-1,590,631,632,-1,590,632,606,-1,610,633,634,-1,635,636,606,-1,637,638,639,-1,640,641,633,-1,633,641,642,-1,633,642,634,-1,643,644,645,-1,645,644,646,-1,647,648,649,-1,650,651,652,-1,628,635,626,-1,626,635,606,-1,626,606,653,-1,653,606,605,-1,653,605,654,-1,654,605,655,-1,656,657,606,-1,658,659,596,-1,639,656,637,-1,637,656,606,-1,637,606,660,-1,660,606,632,-1,660,632,661,-1,661,632,662,-1,645,663,642,-1,642,663,620,-1,642,620,634,-1,634,620,622,-1,652,658,650,-1,650,658,596,-1,650,596,664,-1,664,596,616,-1,664,616,665,-1,665,616,666,-1,667,668,669,-1,669,668,670,-1,671,672,673,-1,673,672,674,-1,675,676,636,-1,636,676,677,-1,636,677,606,-1,606,677,678,-1,606,678,594,-1,679,680,681,-1,649,663,647,-1,647,663,645,-1,647,645,670,-1,670,645,646,-1,670,646,669,-1,669,646,682,-1,669,682,674,-1,674,682,683,-1,674,683,673,-1,684,685,686,-1,687,688,689,-1,690,691,606,-1,692,693,694,-1,695,696,596,-1,697,698,594,-1,681,690,679,-1,679,690,606,-1,679,606,699,-1,699,606,657,-1,699,657,700,-1,700,657,701,-1,673,702,671,-1,671,702,692,-1,671,692,703,-1,703,692,694,-1,686,695,684,-1,684,695,596,-1,684,596,704,-1,704,596,659,-1,704,659,705,-1,705,659,706,-1,689,697,687,-1,687,697,594,-1,687,594,707,-1,707,594,678,-1,707,678,708,-1,708,678,709,-1,710,711,712,-1,713,714,715,-1,716,717,718,-1,719,720,606,-1,721,722,596,-1,723,724,594,-1,712,719,710,-1,710,719,606,-1,710,606,725,-1,725,606,691,-1,725,691,726,-1,726,691,727,-1,715,721,713,-1,713,721,596,-1,713,596,728,-1,728,596,696,-1,728,696,729,-1,729,696,730,-1,718,723,716,-1,716,723,594,-1,716,594,731,-1,731,594,698,-1,731,698,732,-1,732,698,733,-1,734,735,736,-1,737,738,739,-1,740,741,742,-1,743,744,606,-1,745,746,596,-1,747,748,594,-1,736,743,734,-1,734,743,606,-1,734,606,749,-1,749,606,720,-1,749,720,750,-1,750,720,751,-1,739,745,737,-1,737,745,596,-1,737,596,752,-1,752,596,722,-1,752,722,753,-1,753,722,754,-1,742,747,740,-1,740,747,594,-1,740,594,755,-1,755,594,724,-1,755,724,756,-1,756,724,757,-1,758,759,760,-1,761,762,763,-1,764,765,766,-1,767,768,606,-1,769,770,596,-1,771,772,594,-1,760,767,758,-1,758,767,606,-1,758,606,773,-1,773,606,744,-1,773,744,774,-1,774,744,775,-1,763,769,761,-1,761,769,596,-1,761,596,776,-1,776,596,746,-1,776,746,777,-1,777,746,778,-1,766,771,764,-1,764,771,594,-1,764,594,779,-1,779,594,748,-1,779,748,780,-1,780,748,781,-1,782,783,784,-1,785,786,787,-1,788,789,790,-1,791,792,606,-1,793,794,596,-1,795,796,594,-1,784,791,782,-1,782,791,606,-1,782,606,797,-1,797,606,768,-1,797,768,798,-1,798,768,799,-1,787,793,785,-1,785,793,596,-1,785,596,800,-1,800,596,770,-1,800,770,801,-1,801,770,802,-1,790,795,788,-1,788,795,594,-1,788,594,803,-1,803,594,772,-1,803,772,804,-1,804,772,805,-1,806,807,808,-1,809,810,811,-1,812,813,814,-1,815,816,606,-1,817,818,596,-1,819,820,594,-1,808,815,806,-1,806,815,606,-1,806,606,821,-1,821,606,792,-1,821,792,822,-1,822,792,823,-1,811,817,809,-1,809,817,596,-1,809,596,824,-1,824,596,794,-1,824,794,825,-1,825,794,826,-1,814,819,812,-1,812,819,594,-1,812,594,827,-1,827,594,796,-1,827,796,828,-1,828,796,829,-1,830,831,832,-1,833,834,835,-1,836,837,838,-1,839,840,606,-1,841,842,596,-1,843,844,594,-1,832,839,830,-1,830,839,606,-1,830,606,845,-1,845,606,816,-1,845,816,846,-1,846,816,847,-1,835,841,833,-1,833,841,596,-1,833,596,848,-1,848,596,818,-1,848,818,849,-1,849,818,850,-1,838,843,836,-1,836,843,594,-1,836,594,851,-1,851,594,820,-1,851,820,852,-1,852,820,853,-1,854,855,856,-1,857,858,859,-1,860,861,606,-1,862,863,864,-1,864,863,865,-1,866,867,868,-1,869,870,594,-1,856,860,854,-1,854,860,606,-1,854,606,871,-1,871,606,840,-1,871,840,872,-1,872,840,873,-1,874,875,876,-1,876,875,596,-1,877,878,879,-1,859,869,857,-1,857,869,594,-1,857,594,880,-1,880,594,844,-1,880,844,881,-1,881,844,882,-1,883,884,885,-1,886,887,842,-1,842,887,888,-1,842,888,596,-1,596,888,864,-1,596,864,876,-1,876,864,865,-1,889,890,891,-1,892,893,894,-1,895,896,875,-1,897,898,899,-1,900,901,902,-1,903,904,606,-1,885,895,883,-1,883,895,875,-1,883,875,905,-1,905,875,874,-1,905,874,906,-1,906,874,907,-1,879,908,877,-1,877,908,909,-1,877,909,865,-1,865,909,866,-1,865,866,876,-1,876,866,868,-1,910,911,912,-1,913,914,594,-1,894,903,892,-1,892,903,606,-1,892,606,915,-1,915,606,861,-1,915,861,916,-1,916,861,917,-1,918,919,920,-1,902,913,900,-1,900,913,594,-1,900,594,921,-1,921,594,870,-1,921,870,922,-1,922,870,923,-1,924,925,926,-1,927,928,929,-1,899,930,897,-1,897,930,931,-1,897,931,908,-1,908,931,889,-1,908,889,909,-1,909,889,891,-1,932,933,934,-1,935,936,875,-1,937,938,939,-1,940,941,942,-1,929,935,927,-1,927,935,875,-1,927,875,943,-1,943,875,896,-1,943,896,944,-1,944,896,945,-1,920,946,918,-1,918,946,947,-1,918,947,930,-1,930,947,910,-1,930,910,931,-1,931,910,912,-1,948,949,950,-1,951,952,594,-1,953,954,955,-1,942,951,940,-1,940,951,594,-1,940,594,956,-1,956,594,914,-1,956,914,957,-1,957,914,958,-1,959,960,961,-1,939,962,937,-1,937,962,963,-1,937,963,946,-1,946,963,932,-1,946,932,947,-1,947,932,934,-1,964,965,966,-1,967,968,875,-1,961,967,959,-1,959,967,875,-1,959,875,969,-1,969,875,936,-1,969,936,970,-1,970,936,971,-1,955,972,953,-1,953,972,973,-1,953,973,962,-1,962,973,948,-1,962,948,963,-1,963,948,950,-1,974,975,976,-1,976,975,977,-1,978,979,952,-1,952,979,980,-1,952,980,594,-1,594,980,981,-1,594,981,573,-1,982,606,926,-1,926,606,904,-1,926,904,924,-1,983,984,985,-1,986,987,988,-1,989,990,991,-1,991,990,992,-1,991,992,993,-1,994,995,996,-1,997,998,999,-1,999,998,1000,-1,1001,1002,1003,-1,1004,1005,573,-1,1006,1007,982,-1,982,1007,1008,-1,982,1008,606,-1,606,1008,1009,-1,1010,1011,875,-1,1012,1013,1014,-1,988,1004,986,-1,986,1004,573,-1,986,573,1015,-1,1015,573,981,-1,1015,981,1016,-1,1016,981,1017,-1,996,1010,994,-1,994,1010,875,-1,994,875,1018,-1,1018,875,968,-1,1018,968,1019,-1,1019,968,1020,-1,985,1021,983,-1,983,1021,1022,-1,983,1022,977,-1,977,1022,999,-1,977,999,976,-1,976,999,1000,-1,976,1000,972,-1,972,1000,964,-1,972,964,973,-1,973,964,966,-1,1023,1024,1025,-1,1026,1027,1009,-1,1009,1027,1028,-1,1009,1028,606,-1,606,1028,1029,-1,1030,1031,1032,-1,1033,1034,1035,-1,1036,1037,1038,-1,1014,1039,1012,-1,1012,1039,1040,-1,1012,1040,1021,-1,1021,1040,1001,-1,1021,1001,1022,-1,1022,1001,1003,-1,1041,1042,1043,-1,1044,1045,573,-1,1046,1047,1029,-1,1029,1047,1048,-1,1029,1048,606,-1,606,1048,1049,-1,1050,1051,875,-1,1052,1053,1054,-1,1035,1044,1033,-1,1033,1044,573,-1,1033,573,1055,-1,1055,573,1005,-1,1055,1005,1056,-1,1056,1005,1057,-1,1038,1050,1036,-1,1036,1050,875,-1,1036,875,1058,-1,1058,875,1011,-1,1058,1011,1059,-1,1059,1011,1060,-1,1032,1061,1030,-1,1030,1061,1062,-1,1030,1062,1039,-1,1039,1062,1023,-1,1039,1023,1040,-1,1040,1023,1025,-1,1063,1064,1065,-1,1066,1067,1049,-1,1049,1067,1068,-1,1049,1068,606,-1,606,1068,1069,-1,1070,1071,1072,-1,993,614,991,-1,991,614,606,-1,991,606,1073,-1,1073,606,1069,-1,1073,1069,1074,-1,1074,1069,1075,-1,1076,1077,1078,-1,1054,1079,1052,-1,1052,1079,1080,-1,1052,1080,1061,-1,1061,1080,1041,-1,1061,1041,1062,-1,1062,1041,1043,-1,1081,1082,1083,-1,1072,572,1070,-1,1070,572,573,-1,1070,573,1084,-1,1084,573,1045,-1,1084,1045,1085,-1,1085,1045,1086,-1,1087,1088,875,-1,1078,1087,1076,-1,1076,1087,875,-1,1076,875,1089,-1,1089,875,1051,-1,1089,1051,1090,-1,1090,1051,1091,-1,1065,1080,1063,-1,1063,1080,1079,-1,1063,1079,1083,-1,1083,1079,1092,-1,1083,1092,1081,-1,1081,1092,1093,-1,1081,1093,1094,-1,1095,1096,1097,-1,1094,1098,1081,-1,1081,1098,1095,-1,1081,1095,1099,-1,1099,1095,1097,-1,1100,1101,1102,-1,634,619,610,-1,610,619,588,-1,610,588,609,-1,609,588,590,-1,609,590,587,-1,587,590,875,-1,587,875,586,-1,586,875,1103,-1,1104,1105,1088,-1,1088,1105,1106,-1,1088,1106,875,-1,875,1106,1107,-1,1108,1109,1107,-1,1107,1109,1110,-1,1107,1110,875,-1,875,1110,1111,-1,1112,1113,1111,-1,1111,1113,1114,-1,1111,1114,875,-1,875,1114,1100,-1,875,1100,1103,-1,1103,1100,1102,-1,1115,575,574,-1,1072,1071,1116,-1,1116,1071,1117,-1,1118,1056,1057,-1,574,1119,1115,-1,1115,1119,1116,-1,1115,1116,1120,-1,1120,1116,1117,-1,1120,1117,1121,-1,1085,1086,1121,-1,1121,1086,1122,-1,1121,1122,1120,-1,1120,1122,1123,-1,1124,979,978,-1,1125,1126,1120,-1,1057,1125,1118,-1,1118,1125,1120,-1,1118,1120,1127,-1,1127,1120,1123,-1,1127,1123,1034,-1,1034,1123,1035,-1,988,987,1126,-1,1126,987,1128,-1,1126,1128,1120,-1,1120,1128,1129,-1,1130,1131,1120,-1,1132,902,901,-1,978,1130,1124,-1,1124,1130,1120,-1,1124,1120,1133,-1,1133,1120,1129,-1,1133,1129,1017,-1,1017,1129,1016,-1,1134,1135,1120,-1,1136,859,858,-1,942,941,1131,-1,1131,941,1137,-1,1131,1137,1120,-1,1120,1137,1138,-1,957,958,1138,-1,1138,958,1139,-1,1138,1139,1120,-1,1120,1139,1132,-1,1120,1132,1134,-1,1134,1132,901,-1,1140,1141,1120,-1,1142,838,837,-1,858,1140,1136,-1,1136,1140,1120,-1,1136,1120,1143,-1,1143,1120,1135,-1,1143,1135,923,-1,923,1135,922,-1,1144,1145,1120,-1,1146,814,813,-1,881,882,1141,-1,1141,882,1147,-1,1141,1147,1120,-1,1120,1147,1142,-1,1120,1142,1144,-1,1144,1142,837,-1,1148,1149,1120,-1,1150,790,789,-1,852,853,1145,-1,1145,853,1151,-1,1145,1151,1120,-1,1120,1151,1146,-1,1120,1146,1148,-1,1148,1146,813,-1,1152,1153,1120,-1,828,829,1149,-1,1149,829,1154,-1,1149,1154,1120,-1,1120,1154,1150,-1,1120,1150,1152,-1,1152,1150,789,-1,1155,766,765,-1,1156,1157,1120,-1,765,1156,1155,-1,1155,1156,1120,-1,1155,1120,1158,-1,1158,1120,1153,-1,1158,1153,805,-1,805,1153,804,-1,1159,742,741,-1,1160,1161,1120,-1,741,1160,1159,-1,1159,1160,1120,-1,1159,1120,1162,-1,1162,1120,1157,-1,1162,1157,781,-1,781,1157,780,-1,1163,718,717,-1,1164,1165,1120,-1,717,1164,1163,-1,1163,1164,1120,-1,1163,1120,1166,-1,1166,1120,1161,-1,1166,1161,757,-1,757,1161,756,-1,1167,689,688,-1,1168,1169,1120,-1,688,1168,1167,-1,1167,1168,1120,-1,1167,1120,1170,-1,1170,1120,1165,-1,1170,1165,733,-1,733,1165,732,-1,1171,676,675,-1,1172,1173,1120,-1,675,1172,1171,-1,1171,1172,1120,-1,1171,1120,1174,-1,1174,1120,1169,-1,1174,1169,709,-1,709,1169,708,-1,1175,654,655,-1,1176,1177,1120,-1,655,1176,1175,-1,1175,1176,1120,-1,1175,1120,1178,-1,1178,1120,1173,-1,1178,1173,627,-1,627,1173,628,-1,603,602,1179,-1,1179,602,1120,-1,1179,1120,1180,-1,1180,1120,1177,-1,1180,1177,582,-1,582,1177,583,-1,1181,990,989,-1,1074,1075,1182,-1,1182,1075,1183,-1,1184,1027,1026,-1,989,1185,1181,-1,1181,1185,1182,-1,1181,1182,1186,-1,1186,1182,1183,-1,1186,1183,1187,-1,1067,1066,1187,-1,1187,1066,1188,-1,1187,1188,1186,-1,1186,1188,1189,-1,1190,894,893,-1,1191,1192,1186,-1,1026,1191,1184,-1,1184,1191,1186,-1,1184,1186,1193,-1,1193,1186,1189,-1,1193,1189,1046,-1,1046,1189,1047,-1,1007,1006,1192,-1,1192,1006,1194,-1,1192,1194,1186,-1,1186,1194,1195,-1,1196,1197,1186,-1,1198,872,873,-1,893,1196,1190,-1,1190,1196,1186,-1,1190,1186,1199,-1,1199,1186,1195,-1,1199,1195,924,-1,924,1195,925,-1,1200,1201,1186,-1,1202,846,847,-1,916,917,1197,-1,1197,917,1203,-1,1197,1203,1186,-1,1186,1203,1204,-1,856,855,1204,-1,1204,855,1205,-1,1204,1205,1186,-1,1186,1205,1198,-1,1186,1198,1200,-1,1200,1198,873,-1,1206,1207,1186,-1,1208,822,823,-1,847,1206,1202,-1,1202,1206,1186,-1,1202,1186,1209,-1,1209,1186,1201,-1,1209,1201,831,-1,831,1201,832,-1,1210,1211,1186,-1,1212,798,799,-1,808,807,1207,-1,1207,807,1213,-1,1207,1213,1186,-1,1186,1213,1208,-1,1186,1208,1210,-1,1210,1208,823,-1,1214,1215,1186,-1,1216,774,775,-1,784,783,1211,-1,1211,783,1217,-1,1211,1217,1186,-1,1186,1217,1212,-1,1186,1212,1214,-1,1214,1212,799,-1,1218,1219,1186,-1,760,759,1215,-1,1215,759,1220,-1,1215,1220,1186,-1,1186,1220,1216,-1,1186,1216,1218,-1,1218,1216,775,-1,1221,750,751,-1,1222,1223,1186,-1,751,1222,1221,-1,1221,1222,1186,-1,1221,1186,1224,-1,1224,1186,1219,-1,1224,1219,735,-1,735,1219,736,-1,1225,726,727,-1,1226,1227,1186,-1,727,1226,1225,-1,1225,1226,1186,-1,1225,1186,1228,-1,1228,1186,1223,-1,1228,1223,711,-1,711,1223,712,-1,1229,700,701,-1,1230,1231,1186,-1,701,1230,1229,-1,1229,1230,1186,-1,1229,1186,1232,-1,1232,1186,1227,-1,1232,1227,680,-1,680,1227,681,-1,1233,661,662,-1,1234,1235,1186,-1,662,1234,1233,-1,1233,1234,1186,-1,1233,1186,1236,-1,1236,1186,1231,-1,1236,1231,638,-1,638,1231,639,-1,1237,618,617,-1,1238,1239,1186,-1,617,1238,1237,-1,1237,1238,1186,-1,1237,1186,1240,-1,1240,1186,1235,-1,1240,1235,629,-1,629,1235,630,-1,1241,649,648,-1,1242,1243,1186,-1,648,1242,1241,-1,1241,1242,1186,-1,1241,1186,1244,-1,1244,1186,1239,-1,1244,1239,621,-1,621,1239,622,-1,672,671,1245,-1,1245,671,1186,-1,1245,1186,1246,-1,1246,1186,1243,-1,1246,1243,667,-1,667,1243,668,-1,1247,673,683,-1,644,643,1248,-1,1248,643,1249,-1,1250,585,584,-1,683,1251,1247,-1,1247,1251,1248,-1,1247,1248,1252,-1,1252,1248,1249,-1,1252,1249,1253,-1,641,640,1253,-1,1253,640,1254,-1,1253,1254,1252,-1,1252,1254,1255,-1,1256,1109,1108,-1,1257,1258,1252,-1,584,1257,1250,-1,1250,1257,1252,-1,1250,1252,1259,-1,1259,1252,1255,-1,1259,1255,607,-1,607,1255,608,-1,1102,1101,1258,-1,1258,1101,1260,-1,1258,1260,1252,-1,1252,1260,1261,-1,1262,1263,1252,-1,1264,1090,1091,-1,1108,1262,1256,-1,1256,1262,1252,-1,1256,1252,1265,-1,1265,1252,1261,-1,1265,1261,1112,-1,1112,1261,1113,-1,1266,1267,1252,-1,1268,1059,1060,-1,1105,1104,1263,-1,1263,1104,1269,-1,1263,1269,1252,-1,1252,1269,1270,-1,1078,1077,1270,-1,1270,1077,1271,-1,1270,1271,1252,-1,1252,1271,1264,-1,1252,1264,1266,-1,1266,1264,1091,-1,1272,1273,1252,-1,1274,1019,1020,-1,1060,1272,1268,-1,1268,1272,1252,-1,1268,1252,1275,-1,1275,1252,1267,-1,1275,1267,1037,-1,1037,1267,1038,-1,1276,1277,1252,-1,1278,970,971,-1,996,995,1273,-1,1273,995,1279,-1,1273,1279,1252,-1,1252,1279,1274,-1,1252,1274,1276,-1,1276,1274,1020,-1,1280,1281,1252,-1,1282,944,945,-1,961,960,1277,-1,1277,960,1283,-1,1277,1283,1252,-1,1252,1283,1278,-1,1252,1278,1280,-1,1280,1278,971,-1,1284,1285,1252,-1,929,928,1281,-1,1281,928,1286,-1,1281,1286,1252,-1,1252,1286,1282,-1,1252,1282,1284,-1,1284,1282,945,-1,1287,906,907,-1,1288,1289,1252,-1,907,1288,1287,-1,1287,1288,1252,-1,1287,1252,1290,-1,1290,1252,1285,-1,1290,1285,884,-1,884,1285,885,-1,1291,891,890,-1,1292,1293,1252,-1,890,1292,1291,-1,1291,1292,1252,-1,1291,1252,1294,-1,1294,1252,1289,-1,1294,1289,867,-1,867,1289,868,-1,1295,934,933,-1,1296,1297,1252,-1,933,1296,1295,-1,1295,1296,1252,-1,1295,1252,1298,-1,1298,1252,1293,-1,1298,1293,911,-1,911,1293,912,-1,1299,966,965,-1,1300,1301,1252,-1,965,1300,1299,-1,1299,1300,1252,-1,1299,1252,1302,-1,1302,1252,1297,-1,1302,1297,949,-1,949,1297,950,-1,1303,1003,1002,-1,1304,1305,1252,-1,1002,1304,1303,-1,1303,1304,1252,-1,1303,1252,1306,-1,1306,1252,1301,-1,1306,1301,997,-1,997,1301,998,-1,1307,1043,1042,-1,1308,1309,1252,-1,1042,1308,1307,-1,1307,1308,1252,-1,1307,1252,1310,-1,1310,1252,1305,-1,1310,1305,1024,-1,1024,1305,1025,-1,1082,1081,1311,-1,1311,1081,1252,-1,1311,1252,1312,-1,1312,1252,1309,-1,1312,1309,1064,-1,1064,1309,1065,-1,1313,1094,1093,-1,1054,1053,1314,-1,1314,1053,1315,-1,1316,985,984,-1,1093,1317,1313,-1,1313,1317,1314,-1,1313,1314,1318,-1,1318,1314,1315,-1,1318,1315,1319,-1,1032,1031,1319,-1,1319,1031,1320,-1,1319,1320,1318,-1,1318,1320,1321,-1,1322,939,938,-1,1323,1324,1318,-1,984,1323,1316,-1,1316,1323,1318,-1,1316,1318,1325,-1,1325,1318,1321,-1,1325,1321,1013,-1,1013,1321,1014,-1,975,974,1324,-1,1324,974,1326,-1,1324,1326,1318,-1,1318,1326,1327,-1,1328,1329,1318,-1,1330,879,878,-1,938,1328,1322,-1,1322,1328,1318,-1,1322,1318,1331,-1,1331,1318,1327,-1,1331,1327,954,-1,954,1327,955,-1,1332,1333,1318,-1,1334,887,886,-1,920,919,1329,-1,1329,919,1335,-1,1329,1335,1318,-1,1318,1335,1336,-1,899,898,1336,-1,1336,898,1337,-1,1336,1337,1318,-1,1318,1337,1330,-1,1318,1330,1332,-1,1332,1330,878,-1,1338,1339,1318,-1,1340,849,850,-1,886,1338,1334,-1,1334,1338,1318,-1,1334,1318,1341,-1,1341,1318,1333,-1,1341,1333,862,-1,862,1333,863,-1,1342,1343,1318,-1,1344,825,826,-1,835,834,1339,-1,1339,834,1345,-1,1339,1345,1318,-1,1318,1345,1340,-1,1318,1340,1342,-1,1342,1340,850,-1,1346,1347,1318,-1,1348,801,802,-1,811,810,1343,-1,1343,810,1349,-1,1343,1349,1318,-1,1318,1349,1344,-1,1318,1344,1346,-1,1346,1344,826,-1,1350,1351,1318,-1,787,786,1347,-1,1347,786,1352,-1,1347,1352,1318,-1,1318,1352,1348,-1,1318,1348,1350,-1,1350,1348,802,-1,1353,777,778,-1,1354,1355,1318,-1,778,1354,1353,-1,1353,1354,1318,-1,1353,1318,1356,-1,1356,1318,1351,-1,1356,1351,762,-1,762,1351,763,-1,1357,753,754,-1,1358,1359,1318,-1,754,1358,1357,-1,1357,1358,1318,-1,1357,1318,1360,-1,1360,1318,1355,-1,1360,1355,738,-1,738,1355,739,-1,1361,729,730,-1,1362,1363,1318,-1,730,1362,1361,-1,1361,1362,1318,-1,1361,1318,1364,-1,1364,1318,1359,-1,1364,1359,714,-1,714,1359,715,-1,1365,705,706,-1,1366,1367,1318,-1,706,1366,1365,-1,1365,1366,1318,-1,1365,1318,1368,-1,1368,1318,1363,-1,1368,1363,685,-1,685,1363,686,-1,1369,665,666,-1,1370,1371,1318,-1,666,1370,1369,-1,1369,1370,1318,-1,1369,1318,1372,-1,1372,1318,1367,-1,1372,1367,651,-1,651,1367,652,-1,1373,624,625,-1,1374,1375,1318,-1,625,1374,1373,-1,1373,1374,1318,-1,1373,1318,1376,-1,1376,1318,1371,-1,1376,1371,612,-1,612,1371,613,-1,576,577,1377,-1,1377,577,1318,-1,1377,1318,1378,-1,1378,1318,1375,-1,1378,1375,591,-1,591,1375,592,-1,
        ]
    }
}
Shape{
    appearance Appearance {
        material  Material 	{
            diffuseColor 1.0 1.0 1.0
            specularColor 0.5019607843137255 0.5019607843137255 0.5019607843137255
            ambientIntensity 1.0
            transparency 0.0
            shininess 0.5
        }
    }
    geometry IndexedFaceSet {
        ccw TRUE
        solid FALSE
        coord DEF co Coordinate {
            point [
                -2.1667 2.2677 0.0, -2.1049 2.2677 0.0, -2.1667 2.2677 0.0079, -2.1049 2.2677 0.0079, -2.1667 2.4213 0.0866, -2.1667 2.4252 0.0866, -2.1667 2.4213 0.0079, -2.1667 2.4252 0.0, -2.1049 2.4213 0.0079, -2.1049 2.4252 0.0, -2.1049 2.4213 0.0866, -2.1049 2.4252 0.0866, -2.4252 2.1667 0.0866, -2.4252 2.1049 0.0866, -2.4213 2.1667 0.0866, -2.4213 2.1049 0.0866, -2.4213 2.1049 0.0079, -2.4252 2.1049 0.0, -2.248 2.1049 0.0079, -2.248 2.1049 0.0, -2.248 2.1667 0.0, -2.248 2.1667 0.0079, -2.4213 2.1667 0.0079, -2.4252 2.1667 0.0, -2.4252 2.0289 0.0866, -2.4252 1.9671 0.0866, -2.4213 2.0289 0.0866, -2.4213 1.9671 0.0866, -2.4213 1.9671 0.0079, -2.4252 1.9671 0.0, -2.248 1.9671 0.0079, -2.248 1.9671 0.0, -2.248 2.0289 0.0, -2.248 2.0289 0.0079, -2.4213 2.0289 0.0079, -2.4252 2.0289 0.0, -2.4252 1.8911 0.0866, -2.4252 1.8293 0.0866, -2.4213 1.8911 0.0866, -2.4213 1.8293 0.0866, -2.4213 1.8293 0.0079, -2.4252 1.8293 0.0, -2.248 1.8293 0.0079, -2.248 1.8293 0.0, -2.248 1.8911 0.0, -2.248 1.8911 0.0079, -2.4213 1.8911 0.0079, -2.4252 1.8911 0.0, -2.4252 1.7533 0.0866, -2.4252 1.6915 0.0866, -2.4213 1.7533 0.0866, -2.4213 1.6915 0.0866, -2.4213 1.6915 0.0079, -2.4252 1.6915 0.0, -2.248 1.6915 0.0079, -2.248 1.6915 0.0, -2.248 1.7533 0.0, -2.248 1.7533 0.0079, -2.4213 1.7533 0.0079, -2.4252 1.7533 0.0, -2.4252 1.6156 0.0866, -2.4252 1.5537 0.0866, -2.4213 1.6156 0.0866, -2.4213 1.5537 0.0866, -2.4213 1.5537 0.0079, -2.4252 1.5537 0.0, -2.248 1.5537 0.0079, -2.248 1.5537 0.0, -2.248 1.6156 0.0, -2.248 1.6156 0.0079, -2.4213 1.6156 0.0079, -2.4252 1.6156 0.0, -2.4252 1.4778 0.0866, -2.4252 1.4159 0.0866, -2.4213 1.4778 0.0866, -2.4213 1.4159 0.0866, -2.4213 1.4159 0.0079, -2.4252 1.4159 0.0, -2.248 1.4159 0.0079, -2.248 1.4159 0.0, -2.248 1.4778 0.0, -2.248 1.4778 0.0079, -2.4213 1.4778 0.0079, -2.4252 1.4778 0.0, -2.4252 1.34 0.0866, -2.4252 1.2781 0.0866, -2.4213 1.34 0.0866, -2.4213 1.2781 0.0866, -2.4213 1.2781 0.0079, -2.4252 1.2781 0.0, -2.248 1.2781 0.0079, -2.248 1.2781 0.0, -2.248 1.34 0.0, -2.248 1.34 0.0079, -2.4213 1.34 0.0079, -2.4252 1.34 0.0, -2.4252 1.2022 0.0866, -2.4252 1.1404 0.0866, -2.4213 1.2022 0.0866, -2.4213 1.1404 0.0866, -2.4213 1.1404 0.0079, -2.4252 1.1404 0.0, -2.248 1.1404 0.0079, -2.248 1.1404 0.0, -2.248 1.2022 0.0, -2.248 1.2022 0.0079, -2.4213 1.2022 0.0079, -2.4252 1.2022 0.0, -2.4252 1.0644 0.0866, -2.4252 1.0026 0.0866, -2.4213 1.0644 0.0866, -2.4213 1.0026 0.0866, -2.4213 1.0026 0.0079, -2.4252 1.0026 0.0, -2.248 1.0026 0.0079, -2.248 1.0026 0.0, -2.248 1.0644 0.0, -2.248 1.0644 0.0079, -2.4213 1.0644 0.0079, -2.4252 1.0644 0.0, -2.4252 0.9266 0.0866, -2.4252 0.8648 0.0866, -2.4213 0.9266 0.0866, -2.4213 0.8648 0.0866, -2.4213 0.8648 0.0079, -2.4252 0.8648 0.0, -2.248 0.8648 0.0079, -2.248 0.8648 0.0, -2.248 0.9266 0.0, -2.248 0.9266 0.0079, -2.4213 0.9266 0.0079, -2.4252 0.9266 0.0, -2.4252 0.7888 0.0866, -2.4252 0.727 0.0866, -2.4213 0.7888 0.0866, -2.4213 0.727 0.0866, -2.4213 0.727 0.0079, -2.4252 0.727 0.0, -2.248 0.727 0.0079, -2.248 0.727 0.0, -2.248 0.7888 0.0, -2.248 0.7888 0.0079, -2.4213 0.7888 0.0079, -2.4252 0.7888 0.0, -2.4252 0.651 0.0866, -2.4252 0.5892 0.0866, -2.4213 0.651 0.0866, -2.4213 0.5892 0.0866, -2.4213 0.5892 0.0079, -2.4252 0.5892 0.0, -2.248 0.5892 0.0079, -2.248 0.5892 0.0, -2.248 0.651 0.0, -2.248 0.651 0.0079, -2.4213 0.651 0.0079, -2.4252 0.651 0.0, -2.4252 0.5132 0.0866, -2.4252 0.4514 0.0866, -2.4213 0.5132 0.0866, -2.4213 0.4514 0.0866, -2.4213 0.4514 0.0079, -2.4252 0.4514 0.0, -2.248 0.4514 0.0079, -2.248 0.4514 0.0, -2.248 0.5132 0.0, -2.248 0.5132 0.0079, -2.4213 0.5132 0.0079, -2.4252 0.5132 0.0, -2.4252 0.3754 0.0866, -2.4252 0.3136 0.0866, -2.4213 0.3754 0.0866, -2.4213 0.3136 0.0866, -2.4213 0.3136 0.0079, -2.4252 0.3136 0.0, -2.248 0.3136 0.0079, -2.248 0.3136 0.0, -2.248 0.3754 0.0, -2.248 0.3754 0.0079, -2.4213 0.3754 0.0079, -2.4252 0.3754 0.0, -2.4252 0.2376 0.0866, -2.4252 0.1758 0.0866, -2.4213 0.2376 0.0866, -2.4213 0.1758 0.0866, -2.4213 0.1758 0.0079, -2.4252 0.1758 0.0, -2.248 0.1758 0.0079, -2.248 0.1758 0.0, -2.248 0.2376 0.0, -2.248 0.2376 0.0079, -2.4213 0.2376 0.0079, -2.4252 0.2376 0.0, -2.4252 0.0998 0.0866, -2.4252 0.038 0.0866, -2.4213 0.0998 0.0866, -2.4213 0.038 0.0866, -2.4213 0.038 0.0079, -2.4252 0.038 0.0, -2.248 0.038 0.0079, -2.248 0.038 0.0, -2.248 0.0998 0.0, -2.248 0.0998 0.0079, -2.4213 0.0998 0.0079, -2.4252 0.0998 0.0, -2.4252 -0.038 0.0866, -2.4252 -0.0998 0.0866, -2.4213 -0.038 0.0866, -2.4213 -0.0998 0.0866, -2.4213 -0.0998 0.0079, -2.4252 -0.0998 0.0, -2.248 -0.0998 0.0079, -2.248 -0.0998 0.0, -2.248 -0.038 0.0, -2.248 -0.038 0.0079, -2.4213 -0.038 0.0079, -2.4252 -0.038 0.0, -2.4252 -0.1758 0.0866, -2.4252 -0.2376 0.0866, -2.4213 -0.1758 0.0866, -2.4213 -0.2376 0.0866, -2.4213 -0.2376 0.0079, -2.4252 -0.2376 0.0, -2.248 -0.2376 0.0079, -2.248 -0.2376 0.0, -2.248 -0.1758 0.0, -2.248 -0.1758 0.0079, -2.4213 -0.1758 0.0079, -2.4252 -0.1758 0.0, -2.4252 -0.3136 0.0866, -2.4252 -0.3754 0.0866, -2.4213 -0.3136 0.0866, -2.4213 -0.3754 0.0866, -2.4213 -0.3754 0.0079, -2.4252 -0.3754 0.0, -2.248 -0.3754 0.0079, -2.248 -0.3754 0.0, -2.248 -0.3136 0.0, -2.248 -0.3136 0.0079, -2.4213 -0.3136 0.0079, -2.4252 -0.3136 0.0, -2.4252 -0.4514 0.0866, -2.4252 -0.5132 0.0866, -2.4213 -0.4514 0.0866, -2.4213 -0.5132 0.0866, -2.4213 -0.5132 0.0079, -2.4252 -0.5132 0.0, -2.248 -0.5132 0.0079, -2.248 -0.5132 0.0, -2.248 -0.4514 0.0, -2.248 -0.4514 0.0079, -2.4213 -0.4514 0.0079, -2.4252 -0.4514 0.0, -2.4252 -0.5892 0.0866, -2.4252 -0.651 0.0866, -2.4213 -0.5892 0.0866, -2.4213 -0.651 0.0866, -2.4213 -0.651 0.0079, -2.4252 -0.651 0.0, -2.248 -0.651 0.0079, -2.248 -0.651 0.0, -2.248 -0.5892 0.0, -2.248 -0.5892 0.0079, -2.4213 -0.5892 0.0079, -2.4252 -0.5892 0.0, -2.4252 -0.727 0.0866, -2.4252 -0.7888 0.0866, -2.4213 -0.727 0.0866, -2.4213 -0.7888 0.0866, -2.4213 -0.7888 0.0079, -2.4252 -0.7888 0.0, -2.248 -0.7888 0.0079, -2.248 -0.7888 0.0, -2.248 -0.727 0.0, -2.248 -0.727 0.0079, -2.4213 -0.727 0.0079, -2.4252 -0.727 0.0, -2.4252 -0.8648 0.0866, -2.4252 -0.9266 0.0866, -2.4213 -0.8648 0.0866, -2.4213 -0.9266 0.0866, -2.4213 -0.9266 0.0079, -2.4252 -0.9266 0.0, -2.248 -0.9266 0.0079, -2.248 -0.9266 0.0, -2.248 -0.8648 0.0, -2.248 -0.8648 0.0079, -2.4213 -0.8648 0.0079, -2.4252 -0.8648 0.0, -2.4252 -1.0026 0.0866, -2.4252 -1.0644 0.0866, -2.4213 -1.0026 0.0866, -2.4213 -1.0644 0.0866, -2.4213 -1.0644 0.0079, -2.4252 -1.0644 0.0, -2.248 -1.0644 0.0079, -2.248 -1.0644 0.0, -2.248 -1.0026 0.0, -2.248 -1.0026 0.0079, -2.4213 -1.0026 0.0079, -2.4252 -1.0026 0.0, -2.4252 -1.1404 0.0866, -2.4252 -1.2022 0.0866, -2.4213 -1.1404 0.0866, -2.4213 -1.2022 0.0866, -2.4213 -1.2022 0.0079, -2.4252 -1.2022 0.0, -2.248 -1.2022 0.0079, -2.248 -1.2022 0.0, -2.248 -1.1404 0.0, -2.248 -1.1404 0.0079, -2.4213 -1.1404 0.0079, -2.4252 -1.1404 0.0, -2.4252 -1.2781 0.0866, -2.4252 -1.34 0.0866, -2.4213 -1.2781 0.0866, -2.4213 -1.34 0.0866, -2.4213 -1.34 0.0079, -2.4252 -1.34 0.0, -2.248 -1.34 0.0079, -2.248 -1.34 0.0, -2.248 -1.2781 0.0, -2.248 -1.2781 0.0079, -2.4213 -1.2781 0.0079, -2.4252 -1.2781 0.0, -2.4252 -1.4159 0.0866, -2.4252 -1.4778 0.0866, -2.4213 -1.4159 0.0866, -2.4213 -1.4778 0.0866, -2.4213 -1.4778 0.0079, -2.4252 -1.4778 0.0, -2.248 -1.4778 0.0079, -2.248 -1.4778 0.0, -2.248 -1.4159 0.0, -2.248 -1.4159 0.0079, -2.4213 -1.4159 0.0079, -2.4252 -1.4159 0.0, -2.4252 -1.5537 0.0866, -2.4252 -1.6156 0.0866, -2.4213 -1.5537 0.0866, -2.4213 -1.6156 0.0866, -2.4213 -1.6156 0.0079, -2.4252 -1.6156 0.0, -2.248 -1.6156 0.0079, -2.248 -1.6156 0.0, -2.248 -1.5537 0.0, -2.248 -1.5537 0.0079, -2.4213 -1.5537 0.0079, -2.4252 -1.5537 0.0, -2.4252 -1.6915 0.0866, -2.4252 -1.7533 0.0866, -2.4213 -1.6915 0.0866, -2.4213 -1.7533 0.0866, -2.4213 -1.7533 0.0079, -2.4252 -1.7533 0.0, -2.248 -1.7533 0.0079, -2.248 -1.7533 0.0, -2.248 -1.6915 0.0, -2.248 -1.6915 0.0079, -2.4213 -1.6915 0.0079, -2.4252 -1.6915 0.0, -2.4252 -1.8293 0.0866, -2.4252 -1.8911 0.0866, -2.4213 -1.8293 0.0866, -2.4213 -1.8911 0.0866, -2.4213 -1.8911 0.0079, -2.4252 -1.8911 0.0, -2.248 -1.8911 0.0079, -2.248 -1.8911 0.0, -2.248 -1.8293 0.0, -2.248 -1.8293 0.0079, -2.4213 -1.8293 0.0079, -2.4252 -1.8293 0.0, -2.4252 -1.9671 0.0866, -2.4252 -2.0289 0.0866, -2.4213 -1.9671 0.0866, -2.4213 -2.0289 0.0866, -2.4213 -2.0289 0.0079, -2.4252 -2.0289 0.0, -2.248 -2.0289 0.0079, -2.248 -2.0289 0.0, -2.248 -1.9671 0.0, -2.248 -1.9671 0.0079, -2.4213 -1.9671 0.0079, -2.4252 -1.9671 0.0, -2.4252 -2.1049 0.0866, -2.4252 -2.1667 0.0866, -2.4213 -2.1049 0.0866, -2.4213 -2.1667 0.0866, -2.4213 -2.1667 0.0079, -2.4252 -2.1667 0.0, -2.248 -2.1667 0.0079, -2.248 -2.1667 0.0, -2.248 -2.1049 0.0, -2.248 -2.1049 0.0079, -2.4213 -2.1049 0.0079, -2.4252 -2.1049 0.0, -2.0289 2.2677 0.0, -1.9671 2.2677 0.0, -2.0289 2.2677 0.0079, -1.9671 2.2677 0.0079, -2.0289 2.4252 0.0, -2.0289 2.4252 0.0866, -1.9671 2.4252 0.0, -1.9671 2.4252 0.0866, -2.0289 2.4213 0.0866, -2.0289 2.4213 0.0079, -1.9671 2.4213 0.0079, -1.9671 2.4213 0.0866, -1.8911 2.2677 0.0, -1.8293 2.2677 0.0, -1.8911 2.2677 0.0079, -1.8293 2.2677 0.0079, -1.8911 2.4252 0.0, -1.8911 2.4252 0.0866, -1.8293 2.4252 0.0, -1.8293 2.4252 0.0866, -1.8911 2.4213 0.0866, -1.8911 2.4213 0.0079, -1.8293 2.4213 0.0079, -1.8293 2.4213 0.0866, -1.7533 2.2677 0.0, -1.6915 2.2677 0.0, -1.7533 2.2677 0.0079, -1.6915 2.2677 0.0079, -1.7533 2.4252 0.0, -1.7533 2.4252 0.0866, -1.6915 2.4252 0.0, -1.6915 2.4252 0.0866, -1.7533 2.4213 0.0866, -1.7533 2.4213 0.0079, -1.6915 2.4213 0.0079, -1.6915 2.4213 0.0866, -1.6156 2.2677 0.0, -1.5537 2.2677 0.0, -1.6156 2.2677 0.0079, -1.5537 2.2677 0.0079, -1.6156 2.4252 0.0, -1.6156 2.4252 0.0866, -1.5537 2.4252 0.0, -1.5537 2.4252 0.0866, -1.6156 2.4213 0.0866, -1.6156 2.4213 0.0079, -1.5537 2.4213 0.0079, -1.5537 2.4213 0.0866, -1.4778 2.2677 0.0, -1.4159 2.2677 0.0, -1.4778 2.2677 0.0079, -1.4159 2.2677 0.0079, -1.4778 2.4252 0.0, -1.4778 2.4252 0.0866, -1.4159 2.4252 0.0, -1.4159 2.4252 0.0866, -1.4778 2.4213 0.0866, -1.4778 2.4213 0.0079, -1.4159 2.4213 0.0079, -1.4159 2.4213 0.0866, -1.34 2.2677 0.0, -1.2781 2.2677 0.0, -1.34 2.2677 0.0079, -1.2781 2.2677 0.0079, -1.34 2.4252 0.0, -1.34 2.4252 0.0866, -1.2781 2.4252 0.0, -1.2781 2.4252 0.0866, -1.34 2.4213 0.0866, -1.34 2.4213 0.0079, -1.2781 2.4213 0.0079, -1.2781 2.4213 0.0866, -1.2022 2.2677 0.0, -1.1404 2.2677 0.0, -1.2022 2.2677 0.0079, -1.1404 2.2677 0.0079, -1.2022 2.4252 0.0, -1.2022 2.4252 0.0866, -1.1404 2.4252 0.0, -1.1404 2.4252 0.0866, -1.2022 2.4213 0.0866, -1.2022 2.4213 0.0079, -1.1404 2.4213 0.0079, -1.1404 2.4213 0.0866, -1.0644 2.2677 0.0, -1.0026 2.2677 0.0, -1.0644 2.2677 0.0079, -1.0026 2.2677 0.0079, -1.0644 2.4252 0.0, -1.0644 2.4252 0.0866, -1.0026 2.4252 0.0, -1.0026 2.4252 0.0866, -1.0644 2.4213 0.0866, -1.0644 2.4213 0.0079, -1.0026 2.4213 0.0079, -1.0026 2.4213 0.0866, -0.9266 2.2677 0.0, -0.8648 2.2677 0.0, -0.9266 2.2677 0.0079, -0.8648 2.2677 0.0079, -0.9266 2.4252 0.0, -0.9266 2.4252 0.0866, -0.8648 2.4252 0.0, -0.8648 2.4252 0.0866, -0.9266 2.4213 0.0866, -0.9266 2.4213 0.0079, -0.8648 2.4213 0.0079, -0.8648 2.4213 0.0866, -0.7888 2.2677 0.0, -0.727 2.2677 0.0, -0.7888 2.2677 0.0079, -0.727 2.2677 0.0079, -0.7888 2.4252 0.0, -0.7888 2.4252 0.0866, -0.727 2.4252 0.0, -0.727 2.4252 0.0866, -0.7888 2.4213 0.0866, -0.7888 2.4213 0.0079, -0.727 2.4213 0.0079, -0.727 2.4213 0.0866, -0.651 2.2677 0.0, -0.5892 2.2677 0.0, -0.651 2.2677 0.0079, -0.5892 2.2677 0.0079, -0.651 2.4252 0.0, -0.651 2.4252 0.0866, -0.5892 2.4252 0.0, -0.5892 2.4252 0.0866, -0.651 2.4213 0.0866, -0.651 2.4213 0.0079, -0.5892 2.4213 0.0079, -0.5892 2.4213 0.0866, -0.5132 2.2677 0.0, -0.4514 2.2677 0.0, -0.5132 2.2677 0.0079, -0.4514 2.2677 0.0079, -0.5132 2.4252 0.0, -0.5132 2.4252 0.0866, -0.4514 2.4252 0.0, -0.4514 2.4252 0.0866, -0.5132 2.4213 0.0866, -0.5132 2.4213 0.0079, -0.4514 2.4213 0.0079, -0.4514 2.4213 0.0866, -0.3754 2.2677 0.0, -0.3136 2.2677 0.0, -0.3754 2.2677 0.0079, -0.3136 2.2677 0.0079, -0.3754 2.4252 0.0, -0.3754 2.4252 0.0866, -0.3136 2.4252 0.0, -0.3136 2.4252 0.0866, -0.3754 2.4213 0.0866, -0.3754 2.4213 0.0079, -0.3136 2.4213 0.0079, -0.3136 2.4213 0.0866, -0.2376 2.2677 0.0, -0.1758 2.2677 0.0, -0.2376 2.2677 0.0079, -0.1758 2.2677 0.0079, -0.2376 2.4252 0.0, -0.2376 2.4252 0.0866, -0.1758 2.4252 0.0, -0.1758 2.4252 0.0866, -0.2376 2.4213 0.0866, -0.2376 2.4213 0.0079, -0.1758 2.4213 0.0079, -0.1758 2.4213 0.0866, -0.0998 2.2677 0.0, -0.038 2.2677 0.0, -0.0998 2.2677 0.0079, -0.038 2.2677 0.0079, -0.0998 2.4252 0.0, -0.0998 2.4252 0.0866, -0.038 2.4252 0.0, -0.038 2.4252 0.0866, -0.0998 2.4213 0.0866, -0.0998 2.4213 0.0079, -0.038 2.4213 0.0079, -0.038 2.4213 0.0866, 0.038 2.2677 0.0, 0.0998 2.2677 0.0, 0.038 2.2677 0.0079, 0.0998 2.2677 0.0079, 0.038 2.4252 0.0, 0.038 2.4252 0.0866, 0.0998 2.4252 0.0, 0.0998 2.4252 0.0866, 0.038 2.4213 0.0866, 0.038 2.4213 0.0079, 0.0998 2.4213 0.0079, 0.0998 2.4213 0.0866, 0.1758 2.2677 0.0, 0.2376 2.2677 0.0, 0.1758 2.2677 0.0079, 0.2376 2.2677 0.0079, 0.1758 2.4252 0.0, 0.1758 2.4252 0.0866, 0.2376 2.4252 0.0, 0.2376 2.4252 0.0866, 0.1758 2.4213 0.0866, 0.1758 2.4213 0.0079, 0.2376 2.4213 0.0079, 0.2376 2.4213 0.0866, 0.3136 2.2677 0.0, 0.3754 2.2677 0.0, 0.3136 2.2677 0.0079, 0.3754 2.2677 0.0079, 0.3136 2.4252 0.0, 0.3136 2.4252 0.0866, 0.3754 2.4252 0.0, 0.3754 2.4252 0.0866, 0.3136 2.4213 0.0866, 0.3136 2.4213 0.0079, 0.3754 2.4213 0.0079, 0.3754 2.4213 0.0866, 0.4514 2.2677 0.0, 0.5132 2.2677 0.0, 0.4514 2.2677 0.0079, 0.5132 2.2677 0.0079, 0.4514 2.4252 0.0, 0.4514 2.4252 0.0866, 0.5132 2.4252 0.0, 0.5132 2.4252 0.0866, 0.4514 2.4213 0.0866, 0.4514 2.4213 0.0079, 0.5132 2.4213 0.0079, 0.5132 2.4213 0.0866, 0.5892 2.2677 0.0, 0.651 2.2677 0.0, 0.5892 2.2677 0.0079, 0.651 2.2677 0.0079, 0.5892 2.4252 0.0, 0.5892 2.4252 0.0866, 0.651 2.4252 0.0, 0.651 2.4252 0.0866, 0.5892 2.4213 0.0866, 0.5892 2.4213 0.0079, 0.651 2.4213 0.0079, 0.651 2.4213 0.0866, 0.727 2.2677 0.0, 0.7888 2.2677 0.0, 0.727 2.2677 0.0079, 0.7888 2.2677 0.0079, 0.727 2.4252 0.0, 0.727 2.4252 0.0866, 0.7888 2.4252 0.0, 0.7888 2.4252 0.0866, 0.727 2.4213 0.0866, 0.727 2.4213 0.0079, 0.7888 2.4213 0.0079, 0.7888 2.4213 0.0866, 0.8648 2.2677 0.0, 0.9266 2.2677 0.0, 0.8648 2.2677 0.0079, 0.9266 2.2677 0.0079, 0.8648 2.4252 0.0, 0.8648 2.4252 0.0866, 0.9266 2.4252 0.0, 0.9266 2.4252 0.0866, 0.8648 2.4213 0.0866, 0.8648 2.4213 0.0079, 0.9266 2.4213 0.0079, 0.9266 2.4213 0.0866, 1.0026 2.2677 0.0, 1.0644 2.2677 0.0, 1.0026 2.2677 0.0079, 1.0644 2.2677 0.0079, 1.0026 2.4252 0.0, 1.0026 2.4252 0.0866, 1.0644 2.4252 0.0, 1.0644 2.4252 0.0866, 1.0026 2.4213 0.0866, 1.0026 2.4213 0.0079, 1.0644 2.4213 0.0079, 1.0644 2.4213 0.0866, 1.1404 2.2677 0.0, 1.2022 2.2677 0.0, 1.1404 2.2677 0.0079, 1.2022 2.2677 0.0079, 1.1404 2.4252 0.0, 1.1404 2.4252 0.0866, 1.2022 2.4252 0.0, 1.2022 2.4252 0.0866, 1.1404 2.4213 0.0866, 1.1404 2.4213 0.0079, 1.2022 2.4213 0.0079, 1.2022 2.4213 0.0866, 1.2781 2.2677 0.0, 1.34 2.2677 0.0, 1.2781 2.2677 0.0079, 1.34 2.2677 0.0079, 1.2781 2.4252 0.0, 1.2781 2.4252 0.0866, 1.34 2.4252 0.0, 1.34 2.4252 0.0866, 1.2781 2.4213 0.0866, 1.2781 2.4213 0.0079, 1.34 2.4213 0.0079, 1.34 2.4213 0.0866, 1.4159 2.2677 0.0, 1.4778 2.2677 0.0, 1.4159 2.2677 0.0079, 1.4778 2.2677 0.0079, 1.4159 2.4252 0.0, 1.4159 2.4252 0.0866, 1.4778 2.4252 0.0, 1.4778 2.4252 0.0866, 1.4159 2.4213 0.0866, 1.4159 2.4213 0.0079, 1.4778 2.4213 0.0079, 1.4778 2.4213 0.0866, 1.5537 2.2677 0.0, 1.6156 2.2677 0.0, 1.5537 2.2677 0.0079, 1.6156 2.2677 0.0079, 1.5537 2.4252 0.0, 1.5537 2.4252 0.0866, 1.6156 2.4252 0.0, 1.6156 2.4252 0.0866, 1.5537 2.4213 0.0866, 1.5537 2.4213 0.0079, 1.6156 2.4213 0.0079, 1.6156 2.4213 0.0866, 1.6915 2.2677 0.0, 1.7533 2.2677 0.0, 1.6915 2.2677 0.0079, 1.7533 2.2677 0.0079, 1.6915 2.4252 0.0, 1.6915 2.4252 0.0866, 1.7533 2.4252 0.0, 1.7533 2.4252 0.0866, 1.6915 2.4213 0.0866, 1.6915 2.4213 0.0079, 1.7533 2.4213 0.0079, 1.7533 2.4213 0.0866, 1.8293 2.2677 0.0, 1.8911 2.2677 0.0, 1.8293 2.2677 0.0079, 1.8911 2.2677 0.0079, 1.8293 2.4252 0.0, 1.8293 2.4252 0.0866, 1.8911 2.4252 0.0, 1.8911 2.4252 0.0866, 1.8293 2.4213 0.0866, 1.8293 2.4213 0.0079, 1.8911 2.4213 0.0079, 1.8911 2.4213 0.0866, 1.9671 2.2677 0.0, 2.0289 2.2677 0.0, 1.9671 2.2677 0.0079, 2.0289 2.2677 0.0079, 1.9671 2.4252 0.0, 1.9671 2.4252 0.0866, 2.0289 2.4252 0.0, 2.0289 2.4252 0.0866, 1.9671 2.4213 0.0866, 1.9671 2.4213 0.0079, 2.0289 2.4213 0.0079, 2.0289 2.4213 0.0866, 2.1049 2.2677 0.0, 2.1667 2.2677 0.0, 2.1049 2.2677 0.0079, 2.1667 2.2677 0.0079, 2.1049 2.4252 0.0, 2.1049 2.4252 0.0866, 2.1667 2.4252 0.0, 2.1667 2.4252 0.0866, 2.1049 2.4213 0.0866, 2.1049 2.4213 0.0079, 2.1667 2.4213 0.0079, 2.1667 2.4213 0.0866, 2.1049 -2.4213 0.0866, 2.1049 -2.4252 0.0866, 2.1667 -2.4213 0.0866, 2.1667 -2.4252 0.0866, 2.1049 -2.2677 0.0079, 2.1049 -2.2677 0.0, 2.1049 -2.4213 0.0079, 2.1049 -2.4252 0.0, 2.1667 -2.4213 0.0079, 2.1667 -2.4252 0.0, 2.1667 -2.2677 0.0079, 2.1667 -2.2677 0.0, 1.9671 -2.4213 0.0866, 1.9671 -2.4252 0.0866, 2.0289 -2.4213 0.0866, 2.0289 -2.4252 0.0866, 1.9671 -2.2677 0.0079, 1.9671 -2.2677 0.0, 1.9671 -2.4213 0.0079, 1.9671 -2.4252 0.0, 2.0289 -2.4213 0.0079, 2.0289 -2.4252 0.0, 2.0289 -2.2677 0.0079, 2.0289 -2.2677 0.0, 1.8293 -2.4213 0.0866, 1.8293 -2.4252 0.0866, 1.8911 -2.4213 0.0866, 1.8911 -2.4252 0.0866, 1.8293 -2.2677 0.0079, 1.8293 -2.2677 0.0, 1.8293 -2.4213 0.0079, 1.8293 -2.4252 0.0, 1.8911 -2.4213 0.0079, 1.8911 -2.4252 0.0, 1.8911 -2.2677 0.0079, 1.8911 -2.2677 0.0, 1.6915 -2.4213 0.0866, 1.6915 -2.4252 0.0866, 1.7533 -2.4213 0.0866, 1.7533 -2.4252 0.0866, 1.6915 -2.2677 0.0079, 1.6915 -2.2677 0.0, 1.6915 -2.4213 0.0079, 1.6915 -2.4252 0.0, 1.7533 -2.4213 0.0079, 1.7533 -2.4252 0.0, 1.7533 -2.2677 0.0079, 1.7533 -2.2677 0.0, 1.5537 -2.4213 0.0866, 1.5537 -2.4252 0.0866, 1.6156 -2.4213 0.0866, 1.6156 -2.4252 0.0866, 1.5537 -2.2677 0.0079, 1.5537 -2.2677 0.0, 1.5537 -2.4213 0.0079, 1.5537 -2.4252 0.0, 1.6156 -2.4213 0.0079, 1.6156 -2.4252 0.0, 1.6156 -2.2677 0.0079, 1.6156 -2.2677 0.0, 1.4159 -2.4213 0.0866, 1.4159 -2.4252 0.0866, 1.4778 -2.4213 0.0866, 1.4778 -2.4252 0.0866, 1.4159 -2.2677 0.0079, 1.4159 -2.2677 0.0, 1.4159 -2.4213 0.0079, 1.4159 -2.4252 0.0, 1.4778 -2.4213 0.0079, 1.4778 -2.4252 0.0, 1.4778 -2.2677 0.0079, 1.4778 -2.2677 0.0, 1.2781 -2.4213 0.0866, 1.2781 -2.4252 0.0866, 1.34 -2.4213 0.0866, 1.34 -2.4252 0.0866, 1.2781 -2.2677 0.0079, 1.2781 -2.2677 0.0, 1.2781 -2.4213 0.0079, 1.2781 -2.4252 0.0, 1.34 -2.4213 0.0079, 1.34 -2.4252 0.0, 1.34 -2.2677 0.0079, 1.34 -2.2677 0.0, 1.1404 -2.4213 0.0866, 1.1404 -2.4252 0.0866, 1.2022 -2.4213 0.0866, 1.2022 -2.4252 0.0866, 1.1404 -2.2677 0.0079, 1.1404 -2.2677 0.0, 1.1404 -2.4213 0.0079, 1.1404 -2.4252 0.0, 1.2022 -2.4213 0.0079, 1.2022 -2.4252 0.0, 1.2022 -2.2677 0.0079, 1.2022 -2.2677 0.0, 1.0026 -2.4213 0.0866, 1.0026 -2.4252 0.0866, 1.0644 -2.4213 0.0866, 1.0644 -2.4252 0.0866, 1.0026 -2.2677 0.0079, 1.0026 -2.2677 0.0, 1.0026 -2.4213 0.0079, 1.0026 -2.4252 0.0, 1.0644 -2.4213 0.0079, 1.0644 -2.4252 0.0, 1.0644 -2.2677 0.0079, 1.0644 -2.2677 0.0, 0.8648 -2.4213 0.0866, 0.8648 -2.4252 0.0866, 0.9266 -2.4213 0.0866, 0.9266 -2.4252 0.0866, 0.8648 -2.2677 0.0079, 0.8648 -2.2677 0.0, 0.8648 -2.4213 0.0079, 0.8648 -2.4252 0.0, 0.9266 -2.4213 0.0079, 0.9266 -2.4252 0.0, 0.9266 -2.2677 0.0079, 0.9266 -2.2677 0.0, 0.727 -2.4213 0.0866, 0.727 -2.4252 0.0866, 0.7888 -2.4213 0.0866, 0.7888 -2.4252 0.0866, 0.727 -2.2677 0.0079, 0.727 -2.2677 0.0, 0.727 -2.4213 0.0079, 0.727 -2.4252 0.0, 0.7888 -2.4213 0.0079, 0.7888 -2.4252 0.0, 0.7888 -2.2677 0.0079, 0.7888 -2.2677 0.0, 0.5892 -2.4213 0.0866, 0.5892 -2.4252 0.0866, 0.651 -2.4213 0.0866, 0.651 -2.4252 0.0866, 0.5892 -2.2677 0.0079, 0.5892 -2.2677 0.0, 0.5892 -2.4213 0.0079, 0.5892 -2.4252 0.0, 0.651 -2.4213 0.0079, 0.651 -2.4252 0.0, 0.651 -2.2677 0.0079, 0.651 -2.2677 0.0, 0.4514 -2.4213 0.0866, 0.4514 -2.4252 0.0866, 0.5132 -2.4213 0.0866, 0.5132 -2.4252 0.0866, 0.4514 -2.2677 0.0079, 0.4514 -2.2677 0.0, 0.4514 -2.4213 0.0079, 0.4514 -2.4252 0.0, 0.5132 -2.4213 0.0079, 0.5132 -2.4252 0.0, 0.5132 -2.2677 0.0079, 0.5132 -2.2677 0.0, 0.3136 -2.4213 0.0866, 0.3136 -2.4252 0.0866, 0.3754 -2.4213 0.0866, 0.3754 -2.4252 0.0866, 0.3136 -2.2677 0.0079, 0.3136 -2.2677 0.0, 0.3136 -2.4213 0.0079, 0.3136 -2.4252 0.0, 0.3754 -2.4213 0.0079, 0.3754 -2.4252 0.0, 0.3754 -2.2677 0.0079, 0.3754 -2.2677 0.0, 0.1758 -2.4213 0.0866, 0.1758 -2.4252 0.0866, 0.2376 -2.4213 0.0866, 0.2376 -2.4252 0.0866, 0.1758 -2.2677 0.0079, 0.1758 -2.2677 0.0, 0.1758 -2.4213 0.0079, 0.1758 -2.4252 0.0, 0.2376 -2.4213 0.0079, 0.2376 -2.4252 0.0, 0.2376 -2.2677 0.0079, 0.2376 -2.2677 0.0, 0.038 -2.4213 0.0866, 0.038 -2.4252 0.0866, 0.0998 -2.4213 0.0866, 0.0998 -2.4252 0.0866, 0.038 -2.2677 0.0079, 0.038 -2.2677 0.0, 0.038 -2.4213 0.0079, 0.038 -2.4252 0.0, 0.0998 -2.4213 0.0079, 0.0998 -2.4252 0.0, 0.0998 -2.2677 0.0079, 0.0998 -2.2677 0.0, -0.0998 -2.4213 0.0866, -0.0998 -2.4252 0.0866, -0.038 -2.4213 0.0866, -0.038 -2.4252 0.0866, -0.0998 -2.2677 0.0079, -0.0998 -2.2677 0.0, -0.0998 -2.4213 0.0079, -0.0998 -2.4252 0.0, -0.038 -2.4213 0.0079, -0.038 -2.4252 0.0, -0.038 -2.2677 0.0079, -0.038 -2.2677 0.0, -0.2376 -2.4213 0.0866, -0.2376 -2.4252 0.0866, -0.1758 -2.4213 0.0866, -0.1758 -2.4252 0.0866, -0.2376 -2.2677 0.0079, -0.2376 -2.2677 0.0, -0.2376 -2.4213 0.0079, -0.2376 -2.4252 0.0, -0.1758 -2.4213 0.0079, -0.1758 -2.4252 0.0, -0.1758 -2.2677 0.0079, -0.1758 -2.2677 0.0, -0.3754 -2.4213 0.0866, -0.3754 -2.4252 0.0866, -0.3136 -2.4213 0.0866, -0.3136 -2.4252 0.0866, -0.3754 -2.2677 0.0079, -0.3754 -2.2677 0.0, -0.3754 -2.4213 0.0079, -0.3754 -2.4252 0.0, -0.3136 -2.4213 0.0079, -0.3136 -2.4252 0.0, -0.3136 -2.2677 0.0079, -0.3136 -2.2677 0.0, -0.5132 -2.4213 0.0866, -0.5132 -2.4252 0.0866, -0.4514 -2.4213 0.0866, -0.4514 -2.4252 0.0866, -0.5132 -2.2677 0.0079, -0.5132 -2.2677 0.0, -0.5132 -2.4213 0.0079, -0.5132 -2.4252 0.0, -0.4514 -2.4213 0.0079, -0.4514 -2.4252 0.0, -0.4514 -2.2677 0.0079, -0.4514 -2.2677 0.0, -0.651 -2.4213 0.0866, -0.651 -2.4252 0.0866, -0.5892 -2.4213 0.0866, -0.5892 -2.4252 0.0866, -0.651 -2.2677 0.0079, -0.651 -2.2677 0.0, -0.651 -2.4213 0.0079, -0.651 -2.4252 0.0, -0.5892 -2.4213 0.0079, -0.5892 -2.4252 0.0, -0.5892 -2.2677 0.0079, -0.5892 -2.2677 0.0, -0.7888 -2.4213 0.0866, -0.7888 -2.4252 0.0866, -0.727 -2.4213 0.0866, -0.727 -2.4252 0.0866, -0.7888 -2.2677 0.0079, -0.7888 -2.2677 0.0, -0.7888 -2.4213 0.0079, -0.7888 -2.4252 0.0, -0.727 -2.4213 0.0079, -0.727 -2.4252 0.0, -0.727 -2.2677 0.0079, -0.727 -2.2677 0.0, -0.9266 -2.4213 0.0866, -0.9266 -2.4252 0.0866, -0.8648 -2.4213 0.0866, -0.8648 -2.4252 0.0866, -0.9266 -2.2677 0.0079, -0.9266 -2.2677 0.0, -0.9266 -2.4213 0.0079, -0.9266 -2.4252 0.0, -0.8648 -2.4213 0.0079, -0.8648 -2.4252 0.0, -0.8648 -2.2677 0.0079, -0.8648 -2.2677 0.0, -1.0644 -2.4213 0.0866, -1.0644 -2.4252 0.0866, -1.0026 -2.4213 0.0866, -1.0026 -2.4252 0.0866, -1.0644 -2.2677 0.0079, -1.0644 -2.2677 0.0, -1.0644 -2.4213 0.0079, -1.0644 -2.4252 0.0, -1.0026 -2.4213 0.0079, -1.0026 -2.4252 0.0, -1.0026 -2.2677 0.0079, -1.0026 -2.2677 0.0, -1.2022 -2.4213 0.0866, -1.2022 -2.4252 0.0866, -1.1404 -2.4213 0.0866, -1.1404 -2.4252 0.0866, -1.2022 -2.2677 0.0079, -1.2022 -2.2677 0.0, -1.2022 -2.4213 0.0079, -1.2022 -2.4252 0.0, -1.1404 -2.4213 0.0079, -1.1404 -2.4252 0.0, -1.1404 -2.2677 0.0079, -1.1404 -2.2677 0.0, -1.34 -2.4213 0.0866, -1.34 -2.4252 0.0866, -1.2781 -2.4213 0.0866, -1.2781 -2.4252 0.0866, -1.34 -2.2677 0.0079, -1.34 -2.2677 0.0, -1.34 -2.4213 0.0079, -1.34 -2.4252 0.0, -1.2781 -2.4213 0.0079, -1.2781 -2.4252 0.0, -1.2781 -2.2677 0.0079, -1.2781 -2.2677 0.0, -1.4778 -2.4213 0.0866, -1.4778 -2.4252 0.0866, -1.4159 -2.4213 0.0866, -1.4159 -2.4252 0.0866, -1.4778 -2.2677 0.0079, -1.4778 -2.2677 0.0, -1.4778 -2.4213 0.0079, -1.4778 -2.4252 0.0, -1.4159 -2.4213 0.0079, -1.4159 -2.4252 0.0, -1.4159 -2.2677 0.0079, -1.4159 -2.2677 0.0, -1.6156 -2.4213 0.0866, -1.6156 -2.4252 0.0866, -1.5537 -2.4213 0.0866, -1.5537 -2.4252 0.0866, -1.6156 -2.2677 0.0079, -1.6156 -2.2677 0.0, -1.6156 -2.4213 0.0079, -1.6156 -2.4252 0.0, -1.5537 -2.4213 0.0079, -1.5537 -2.4252 0.0, -1.5537 -2.2677 0.0079, -1.5537 -2.2677 0.0, -1.7533 -2.4213 0.0866, -1.7533 -2.4252 0.0866, -1.6915 -2.4213 0.0866, -1.6915 -2.4252 0.0866, -1.7533 -2.2677 0.0079, -1.7533 -2.2677 0.0, -1.7533 -2.4213 0.0079, -1.7533 -2.4252 0.0, -1.6915 -2.4213 0.0079, -1.6915 -2.4252 0.0, -1.6915 -2.2677 0.0079, -1.6915 -2.2677 0.0, -1.8911 -2.4213 0.0866, -1.8911 -2.4252 0.0866, -1.8293 -2.4213 0.0866, -1.8293 -2.4252 0.0866, -1.8911 -2.2677 0.0079, -1.8911 -2.2677 0.0, -1.8911 -2.4213 0.0079, -1.8911 -2.4252 0.0, -1.8293 -2.4213 0.0079, -1.8293 -2.4252 0.0, -1.8293 -2.2677 0.0079, -1.8293 -2.2677 0.0, -2.0289 -2.4213 0.0866, -2.0289 -2.4252 0.0866, -1.9671 -2.4213 0.0866, -1.9671 -2.4252 0.0866, -2.0289 -2.2677 0.0079, -2.0289 -2.2677 0.0, -2.0289 -2.4213 0.0079, -2.0289 -2.4252 0.0, -1.9671 -2.4213 0.0079, -1.9671 -2.4252 0.0, -1.9671 -2.2677 0.0079, -1.9671 -2.2677 0.0, -2.1667 -2.4252 0.0866, -2.1049 -2.4252 0.0866, -2.1667 -2.4213 0.0866, -2.1049 -2.4213 0.0866, -2.1049 -2.4213 0.0079, -2.1049 -2.4252 0.0, -2.1049 -2.2677 0.0079, -2.1049 -2.2677 0.0, -2.1667 -2.2677 0.0, -2.1667 -2.2677 0.0079, -2.1667 -2.4213 0.0079, -2.1667 -2.4252 0.0, 2.248 -2.1049 0.0, 2.248 -2.1667 0.0, 2.248 -2.1049 0.0079, 2.248 -2.1667 0.0079, 2.4213 -2.1049 0.0866, 2.4252 -2.1049 0.0866, 2.4213 -2.1049 0.0079, 2.4252 -2.1049 0.0, 2.4213 -2.1667 0.0079, 2.4252 -2.1667 0.0, 2.4213 -2.1667 0.0866, 2.4252 -2.1667 0.0866, 2.248 -1.9671 0.0, 2.248 -2.0289 0.0, 2.248 -1.9671 0.0079, 2.248 -2.0289 0.0079, 2.4213 -1.9671 0.0866, 2.4252 -1.9671 0.0866, 2.4213 -1.9671 0.0079, 2.4252 -1.9671 0.0, 2.4213 -2.0289 0.0079, 2.4252 -2.0289 0.0, 2.4213 -2.0289 0.0866, 2.4252 -2.0289 0.0866, 2.248 -1.8293 0.0, 2.248 -1.8911 0.0, 2.248 -1.8293 0.0079, 2.248 -1.8911 0.0079, 2.4213 -1.8293 0.0866, 2.4252 -1.8293 0.0866, 2.4213 -1.8293 0.0079, 2.4252 -1.8293 0.0, 2.4213 -1.8911 0.0079, 2.4252 -1.8911 0.0, 2.4213 -1.8911 0.0866, 2.4252 -1.8911 0.0866, 2.248 -1.6915 0.0, 2.248 -1.7533 0.0, 2.248 -1.6915 0.0079, 2.248 -1.7533 0.0079, 2.4213 -1.6915 0.0866, 2.4252 -1.6915 0.0866, 2.4213 -1.6915 0.0079, 2.4252 -1.6915 0.0, 2.4213 -1.7533 0.0079, 2.4252 -1.7533 0.0, 2.4213 -1.7533 0.0866, 2.4252 -1.7533 0.0866, 2.248 -1.5537 0.0, 2.248 -1.6156 0.0, 2.248 -1.5537 0.0079, 2.248 -1.6156 0.0079, 2.4213 -1.5537 0.0866, 2.4252 -1.5537 0.0866, 2.4213 -1.5537 0.0079, 2.4252 -1.5537 0.0, 2.4213 -1.6156 0.0079, 2.4252 -1.6156 0.0, 2.4213 -1.6156 0.0866, 2.4252 -1.6156 0.0866, 2.248 -1.4159 0.0, 2.248 -1.4778 0.0, 2.248 -1.4159 0.0079, 2.248 -1.4778 0.0079, 2.4213 -1.4159 0.0866, 2.4252 -1.4159 0.0866, 2.4213 -1.4159 0.0079, 2.4252 -1.4159 0.0, 2.4213 -1.4778 0.0079, 2.4252 -1.4778 0.0, 2.4213 -1.4778 0.0866, 2.4252 -1.4778 0.0866, 2.248 -1.2781 0.0, 2.248 -1.34 0.0, 2.248 -1.2781 0.0079, 2.248 -1.34 0.0079, 2.4213 -1.2781 0.0866, 2.4252 -1.2781 0.0866, 2.4213 -1.2781 0.0079, 2.4252 -1.2781 0.0, 2.4213 -1.34 0.0079, 2.4252 -1.34 0.0, 2.4213 -1.34 0.0866, 2.4252 -1.34 0.0866, 2.248 -1.1404 0.0, 2.248 -1.2022 0.0, 2.248 -1.1404 0.0079, 2.248 -1.2022 0.0079, 2.4213 -1.1404 0.0866, 2.4252 -1.1404 0.0866, 2.4213 -1.1404 0.0079, 2.4252 -1.1404 0.0, 2.4213 -1.2022 0.0079, 2.4252 -1.2022 0.0, 2.4213 -1.2022 0.0866, 2.4252 -1.2022 0.0866, 2.248 -1.0026 0.0, 2.248 -1.0644 0.0, 2.248 -1.0026 0.0079, 2.248 -1.0644 0.0079, 2.4213 -1.0026 0.0866, 2.4252 -1.0026 0.0866, 2.4213 -1.0026 0.0079, 2.4252 -1.0026 0.0, 2.4213 -1.0644 0.0079, 2.4252 -1.0644 0.0, 2.4213 -1.0644 0.0866, 2.4252 -1.0644 0.0866, 2.248 -0.8648 0.0, 2.248 -0.9266 0.0, 2.248 -0.8648 0.0079, 2.248 -0.9266 0.0079, 2.4213 -0.8648 0.0866, 2.4252 -0.8648 0.0866, 2.4213 -0.8648 0.0079, 2.4252 -0.8648 0.0, 2.4213 -0.9266 0.0079, 2.4252 -0.9266 0.0, 2.4213 -0.9266 0.0866, 2.4252 -0.9266 0.0866, 2.248 -0.727 0.0, 2.248 -0.7888 0.0, 2.248 -0.727 0.0079, 2.248 -0.7888 0.0079, 2.4213 -0.727 0.0866, 2.4252 -0.727 0.0866, 2.4213 -0.727 0.0079, 2.4252 -0.727 0.0, 2.4213 -0.7888 0.0079, 2.4252 -0.7888 0.0, 2.4213 -0.7888 0.0866, 2.4252 -0.7888 0.0866, 2.248 -0.5892 0.0, 2.248 -0.651 0.0, 2.248 -0.5892 0.0079, 2.248 -0.651 0.0079, 2.4213 -0.5892 0.0866, 2.4252 -0.5892 0.0866, 2.4213 -0.5892 0.0079, 2.4252 -0.5892 0.0, 2.4213 -0.651 0.0079, 2.4252 -0.651 0.0, 2.4213 -0.651 0.0866, 2.4252 -0.651 0.0866, 2.248 -0.4514 0.0, 2.248 -0.5132 0.0, 2.248 -0.4514 0.0079, 2.248 -0.5132 0.0079, 2.4213 -0.4514 0.0866, 2.4252 -0.4514 0.0866, 2.4213 -0.4514 0.0079, 2.4252 -0.4514 0.0, 2.4213 -0.5132 0.0079, 2.4252 -0.5132 0.0, 2.4213 -0.5132 0.0866, 2.4252 -0.5132 0.0866, 2.248 -0.3136 0.0, 2.248 -0.3754 0.0, 2.248 -0.3136 0.0079, 2.248 -0.3754 0.0079, 2.4213 -0.3136 0.0866, 2.4252 -0.3136 0.0866, 2.4213 -0.3136 0.0079, 2.4252 -0.3136 0.0, 2.4213 -0.3754 0.0079, 2.4252 -0.3754 0.0, 2.4213 -0.3754 0.0866, 2.4252 -0.3754 0.0866, 2.248 -0.1758 0.0, 2.248 -0.2376 0.0, 2.248 -0.1758 0.0079, 2.248 -0.2376 0.0079, 2.4213 -0.1758 0.0866, 2.4252 -0.1758 0.0866, 2.4213 -0.1758 0.0079, 2.4252 -0.1758 0.0, 2.4213 -0.2376 0.0079, 2.4252 -0.2376 0.0, 2.4213 -0.2376 0.0866, 2.4252 -0.2376 0.0866, 2.248 -0.038 0.0, 2.248 -0.0998 0.0, 2.248 -0.038 0.0079, 2.248 -0.0998 0.0079, 2.4213 -0.038 0.0866, 2.4252 -0.038 0.0866, 2.4213 -0.038 0.0079, 2.4252 -0.038 0.0, 2.4213 -0.0998 0.0079, 2.4252 -0.0998 0.0, 2.4213 -0.0998 0.0866, 2.4252 -0.0998 0.0866, 2.248 0.0998 0.0, 2.248 0.038 0.0, 2.248 0.0998 0.0079, 2.248 0.038 0.0079, 2.4213 0.0998 0.0866, 2.4252 0.0998 0.0866, 2.4213 0.0998 0.0079, 2.4252 0.0998 0.0, 2.4213 0.038 0.0079, 2.4252 0.038 0.0, 2.4213 0.038 0.0866, 2.4252 0.038 0.0866, 2.248 0.2376 0.0, 2.248 0.1758 0.0, 2.248 0.2376 0.0079, 2.248 0.1758 0.0079, 2.4213 0.2376 0.0866, 2.4252 0.2376 0.0866, 2.4213 0.2376 0.0079, 2.4252 0.2376 0.0, 2.4213 0.1758 0.0079, 2.4252 0.1758 0.0, 2.4213 0.1758 0.0866, 2.4252 0.1758 0.0866, 2.248 0.3754 0.0, 2.248 0.3136 0.0, 2.248 0.3754 0.0079, 2.248 0.3136 0.0079, 2.4213 0.3754 0.0866, 2.4252 0.3754 0.0866, 2.4213 0.3754 0.0079, 2.4252 0.3754 0.0, 2.4213 0.3136 0.0079, 2.4252 0.3136 0.0, 2.4213 0.3136 0.0866, 2.4252 0.3136 0.0866, 2.248 0.5132 0.0, 2.248 0.4514 0.0, 2.248 0.5132 0.0079, 2.248 0.4514 0.0079, 2.4213 0.5132 0.0866, 2.4252 0.5132 0.0866, 2.4213 0.5132 0.0079, 2.4252 0.5132 0.0, 2.4213 0.4514 0.0079, 2.4252 0.4514 0.0, 2.4213 0.4514 0.0866, 2.4252 0.4514 0.0866, 2.248 0.651 0.0, 2.248 0.5892 0.0, 2.248 0.651 0.0079, 2.248 0.5892 0.0079, 2.4213 0.651 0.0866, 2.4252 0.651 0.0866, 2.4213 0.651 0.0079, 2.4252 0.651 0.0, 2.4213 0.5892 0.0079, 2.4252 0.5892 0.0, 2.4213 0.5892 0.0866, 2.4252 0.5892 0.0866, 2.248 0.7888 0.0, 2.248 0.727 0.0, 2.248 0.7888 0.0079, 2.248 0.727 0.0079, 2.4213 0.7888 0.0866, 2.4252 0.7888 0.0866, 2.4213 0.7888 0.0079, 2.4252 0.7888 0.0, 2.4213 0.727 0.0079, 2.4252 0.727 0.0, 2.4213 0.727 0.0866, 2.4252 0.727 0.0866, 2.248 0.9266 0.0, 2.248 0.8648 0.0, 2.248 0.9266 0.0079, 2.248 0.8648 0.0079, 2.4213 0.9266 0.0866, 2.4252 0.9266 0.0866, 2.4213 0.9266 0.0079, 2.4252 0.9266 0.0, 2.4213 0.8648 0.0079, 2.4252 0.8648 0.0, 2.4213 0.8648 0.0866, 2.4252 0.8648 0.0866, 2.248 1.0644 0.0, 2.248 1.0026 0.0, 2.248 1.0644 0.0079, 2.248 1.0026 0.0079, 2.4213 1.0644 0.0866, 2.4252 1.0644 0.0866, 2.4213 1.0644 0.0079, 2.4252 1.0644 0.0, 2.4213 1.0026 0.0079, 2.4252 1.0026 0.0, 2.4213 1.0026 0.0866, 2.4252 1.0026 0.0866, 2.248 1.2022 0.0, 2.248 1.1404 0.0, 2.248 1.2022 0.0079, 2.248 1.1404 0.0079, 2.4213 1.2022 0.0866, 2.4252 1.2022 0.0866, 2.4213 1.2022 0.0079, 2.4252 1.2022 0.0, 2.4213 1.1404 0.0079, 2.4252 1.1404 0.0, 2.4213 1.1404 0.0866, 2.4252 1.1404 0.0866, 2.248 1.34 0.0, 2.248 1.2781 0.0, 2.248 1.34 0.0079, 2.248 1.2781 0.0079, 2.4213 1.34 0.0866, 2.4252 1.34 0.0866, 2.4213 1.34 0.0079, 2.4252 1.34 0.0, 2.4213 1.2781 0.0079, 2.4252 1.2781 0.0, 2.4213 1.2781 0.0866, 2.4252 1.2781 0.0866, 2.248 1.4778 0.0, 2.248 1.4159 0.0, 2.248 1.4778 0.0079, 2.248 1.4159 0.0079, 2.4213 1.4778 0.0866, 2.4252 1.4778 0.0866, 2.4213 1.4778 0.0079, 2.4252 1.4778 0.0, 2.4213 1.4159 0.0079, 2.4252 1.4159 0.0, 2.4213 1.4159 0.0866, 2.4252 1.4159 0.0866, 2.248 1.6156 0.0, 2.248 1.5537 0.0, 2.248 1.6156 0.0079, 2.248 1.5537 0.0079, 2.4213 1.6156 0.0866, 2.4252 1.6156 0.0866, 2.4213 1.6156 0.0079, 2.4252 1.6156 0.0, 2.4213 1.5537 0.0079, 2.4252 1.5537 0.0, 2.4213 1.5537 0.0866, 2.4252 1.5537 0.0866, 2.248 1.7533 0.0, 2.248 1.6915 0.0, 2.248 1.7533 0.0079, 2.248 1.6915 0.0079, 2.4213 1.7533 0.0866, 2.4252 1.7533 0.0866, 2.4213 1.7533 0.0079, 2.4252 1.7533 0.0, 2.4213 1.6915 0.0079, 2.4252 1.6915 0.0, 2.4213 1.6915 0.0866, 2.4252 1.6915 0.0866, 2.248 1.8911 0.0, 2.248 1.8293 0.0, 2.248 1.8911 0.0079, 2.248 1.8293 0.0079, 2.4213 1.8911 0.0866, 2.4252 1.8911 0.0866, 2.4213 1.8911 0.0079, 2.4252 1.8911 0.0, 2.4213 1.8293 0.0079, 2.4252 1.8293 0.0, 2.4213 1.8293 0.0866, 2.4252 1.8293 0.0866, 2.248 2.0289 0.0, 2.248 1.9671 0.0, 2.248 2.0289 0.0079, 2.248 1.9671 0.0079, 2.4213 2.0289 0.0866, 2.4252 2.0289 0.0866, 2.4213 2.0289 0.0079, 2.4252 2.0289 0.0, 2.4213 1.9671 0.0079, 2.4252 1.9671 0.0, 2.4213 1.9671 0.0866, 2.4252 1.9671 0.0866, 2.248 2.1667 0.0, 2.248 2.1049 0.0, 2.248 2.1667 0.0079, 2.248 2.1049 0.0079, 2.4213 2.1667 0.0866, 2.4252 2.1667 0.0866, 2.4213 2.1667 0.0079, 2.4252 2.1667 0.0, 2.4213 2.1049 0.0079, 2.4252 2.1049 0.0, 2.4213 2.1049 0.0866, 2.4252 2.1049 0.0866, 1.3898 -1.3898 0.0, 1.3898 1.3898 0.0, 1.3898 -1.3898 0.0079, 1.3898 1.3898 0.0079, -1.3898 -1.3898 0.0, -1.3898 -1.3898 0.0079, -1.3898 1.1929 0.0, -1.3898 1.1929 0.0079, -1.1929 1.3898 0.0, -1.1929 1.3898 0.0079
            ]
        }
        coordIndex [
            0,1,2,-1,2,1,3,-1,4,5,6,-1,6,5,7,-1,6,7,2,-1,2,7,0,-1,3,1,8,-1,8,1,9,-1,8,9,10,-1,10,9,11,-1,7,5,9,-1,9,5,11,-1,10,11,4,-1,4,11,5,-1,9,1,7,-1,7,1,0,-1,12,13,14,-1,14,13,15,-1,15,13,16,-1,16,13,17,-1,16,17,18,-1,18,17,19,-1,19,20,18,-1,18,20,21,-1,21,20,22,-1,22,20,23,-1,22,23,14,-1,14,23,12,-1,17,13,23,-1,23,13,12,-1,20,19,23,-1,23,19,17,-1,24,25,26,-1,26,25,27,-1,27,25,28,-1,28,25,29,-1,28,29,30,-1,30,29,31,-1,31,32,30,-1,30,32,33,-1,33,32,34,-1,34,32,35,-1,34,35,26,-1,26,35,24,-1,29,25,35,-1,35,25,24,-1,32,31,35,-1,35,31,29,-1,36,37,38,-1,38,37,39,-1,39,37,40,-1,40,37,41,-1,40,41,42,-1,42,41,43,-1,43,44,42,-1,42,44,45,-1,45,44,46,-1,46,44,47,-1,46,47,38,-1,38,47,36,-1,41,37,47,-1,47,37,36,-1,44,43,47,-1,47,43,41,-1,48,49,50,-1,50,49,51,-1,51,49,52,-1,52,49,53,-1,52,53,54,-1,54,53,55,-1,55,56,54,-1,54,56,57,-1,57,56,58,-1,58,56,59,-1,58,59,50,-1,50,59,48,-1,53,49,59,-1,59,49,48,-1,56,55,59,-1,59,55,53,-1,60,61,62,-1,62,61,63,-1,63,61,64,-1,64,61,65,-1,64,65,66,-1,66,65,67,-1,67,68,66,-1,66,68,69,-1,69,68,70,-1,70,68,71,-1,70,71,62,-1,62,71,60,-1,65,61,71,-1,71,61,60,-1,68,67,71,-1,71,67,65,-1,72,73,74,-1,74,73,75,-1,75,73,76,-1,76,73,77,-1,76,77,78,-1,78,77,79,-1,79,80,78,-1,78,80,81,-1,81,80,82,-1,82,80,83,-1,82,83,74,-1,74,83,72,-1,77,73,83,-1,83,73,72,-1,80,79,83,-1,83,79,77,-1,84,85,86,-1,86,85,87,-1,87,85,88,-1,88,85,89,-1,88,89,90,-1,90,89,91,-1,91,92,90,-1,90,92,93,-1,93,92,94,-1,94,92,95,-1,94,95,86,-1,86,95,84,-1,89,85,95,-1,95,85,84,-1,92,91,95,-1,95,91,89,-1,96,97,98,-1,98,97,99,-1,99,97,100,-1,100,97,101,-1,100,101,102,-1,102,101,103,-1,103,104,102,-1,102,104,105,-1,105,104,106,-1,106,104,107,-1,106,107,98,-1,98,107,96,-1,101,97,107,-1,107,97,96,-1,104,103,107,-1,107,103,101,-1,108,109,110,-1,110,109,111,-1,111,109,112,-1,112,109,113,-1,112,113,114,-1,114,113,115,-1,115,116,114,-1,114,116,117,-1,117,116,118,-1,118,116,119,-1,118,119,110,-1,110,119,108,-1,113,109,119,-1,119,109,108,-1,116,115,119,-1,119,115,113,-1,120,121,122,-1,122,121,123,-1,123,121,124,-1,124,121,125,-1,124,125,126,-1,126,125,127,-1,127,128,126,-1,126,128,129,-1,129,128,130,-1,130,128,131,-1,130,131,122,-1,122,131,120,-1,125,121,131,-1,131,121,120,-1,128,127,131,-1,131,127,125,-1,132,133,134,-1,134,133,135,-1,135,133,136,-1,136,133,137,-1,136,137,138,-1,138,137,139,-1,139,140,138,-1,138,140,141,-1,141,140,142,-1,142,140,143,-1,142,143,134,-1,134,143,132,-1,137,133,143,-1,143,133,132,-1,140,139,143,-1,143,139,137,-1,144,145,146,-1,146,145,147,-1,147,145,148,-1,148,145,149,-1,148,149,150,-1,150,149,151,-1,151,152,150,-1,150,152,153,-1,153,152,154,-1,154,152,155,-1,154,155,146,-1,146,155,144,-1,149,145,155,-1,155,145,144,-1,152,151,155,-1,155,151,149,-1,156,157,158,-1,158,157,159,-1,159,157,160,-1,160,157,161,-1,160,161,162,-1,162,161,163,-1,163,164,162,-1,162,164,165,-1,165,164,166,-1,166,164,167,-1,166,167,158,-1,158,167,156,-1,161,157,167,-1,167,157,156,-1,164,163,167,-1,167,163,161,-1,168,169,170,-1,170,169,171,-1,171,169,172,-1,172,169,173,-1,172,173,174,-1,174,173,175,-1,175,176,174,-1,174,176,177,-1,177,176,178,-1,178,176,179,-1,178,179,170,-1,170,179,168,-1,173,169,179,-1,179,169,168,-1,176,175,179,-1,179,175,173,-1,180,181,182,-1,182,181,183,-1,183,181,184,-1,184,181,185,-1,184,185,186,-1,186,185,187,-1,187,188,186,-1,186,188,189,-1,189,188,190,-1,190,188,191,-1,190,191,182,-1,182,191,180,-1,185,181,191,-1,191,181,180,-1,188,187,191,-1,191,187,185,-1,192,193,194,-1,194,193,195,-1,195,193,196,-1,196,193,197,-1,196,197,198,-1,198,197,199,-1,199,200,198,-1,198,200,201,-1,201,200,202,-1,202,200,203,-1,202,203,194,-1,194,203,192,-1,197,193,203,-1,203,193,192,-1,200,199,203,-1,203,199,197,-1,204,205,206,-1,206,205,207,-1,207,205,208,-1,208,205,209,-1,208,209,210,-1,210,209,211,-1,211,212,210,-1,210,212,213,-1,213,212,214,-1,214,212,215,-1,214,215,206,-1,206,215,204,-1,209,205,215,-1,215,205,204,-1,212,211,215,-1,215,211,209,-1,216,217,218,-1,218,217,219,-1,219,217,220,-1,220,217,221,-1,220,221,222,-1,222,221,223,-1,223,224,222,-1,222,224,225,-1,225,224,226,-1,226,224,227,-1,226,227,218,-1,218,227,216,-1,221,217,227,-1,227,217,216,-1,224,223,227,-1,227,223,221,-1,228,229,230,-1,230,229,231,-1,231,229,232,-1,232,229,233,-1,232,233,234,-1,234,233,235,-1,235,236,234,-1,234,236,237,-1,237,236,238,-1,238,236,239,-1,238,239,230,-1,230,239,228,-1,233,229,239,-1,239,229,228,-1,236,235,239,-1,239,235,233,-1,240,241,242,-1,242,241,243,-1,243,241,244,-1,244,241,245,-1,244,245,246,-1,246,245,247,-1,247,248,246,-1,246,248,249,-1,249,248,250,-1,250,248,251,-1,250,251,242,-1,242,251,240,-1,245,241,251,-1,251,241,240,-1,248,247,251,-1,251,247,245,-1,252,253,254,-1,254,253,255,-1,255,253,256,-1,256,253,257,-1,256,257,258,-1,258,257,259,-1,259,260,258,-1,258,260,261,-1,261,260,262,-1,262,260,263,-1,262,263,254,-1,254,263,252,-1,257,253,263,-1,263,253,252,-1,260,259,263,-1,263,259,257,-1,264,265,266,-1,266,265,267,-1,267,265,268,-1,268,265,269,-1,268,269,270,-1,270,269,271,-1,271,272,270,-1,270,272,273,-1,273,272,274,-1,274,272,275,-1,274,275,266,-1,266,275,264,-1,269,265,275,-1,275,265,264,-1,272,271,275,-1,275,271,269,-1,276,277,278,-1,278,277,279,-1,279,277,280,-1,280,277,281,-1,280,281,282,-1,282,281,283,-1,283,284,282,-1,282,284,285,-1,285,284,286,-1,286,284,287,-1,286,287,278,-1,278,287,276,-1,281,277,287,-1,287,277,276,-1,284,283,287,-1,287,283,281,-1,288,289,290,-1,290,289,291,-1,291,289,292,-1,292,289,293,-1,292,293,294,-1,294,293,295,-1,295,296,294,-1,294,296,297,-1,297,296,298,-1,298,296,299,-1,298,299,290,-1,290,299,288,-1,293,289,299,-1,299,289,288,-1,296,295,299,-1,299,295,293,-1,300,301,302,-1,302,301,303,-1,303,301,304,-1,304,301,305,-1,304,305,306,-1,306,305,307,-1,307,308,306,-1,306,308,309,-1,309,308,310,-1,310,308,311,-1,310,311,302,-1,302,311,300,-1,305,301,311,-1,311,301,300,-1,308,307,311,-1,311,307,305,-1,312,313,314,-1,314,313,315,-1,315,313,316,-1,316,313,317,-1,316,317,318,-1,318,317,319,-1,319,320,318,-1,318,320,321,-1,321,320,322,-1,322,320,323,-1,322,323,314,-1,314,323,312,-1,317,313,323,-1,323,313,312,-1,320,319,323,-1,323,319,317,-1,324,325,326,-1,326,325,327,-1,327,325,328,-1,328,325,329,-1,328,329,330,-1,330,329,331,-1,331,332,330,-1,330,332,333,-1,333,332,334,-1,334,332,335,-1,334,335,326,-1,326,335,324,-1,329,325,335,-1,335,325,324,-1,332,331,335,-1,335,331,329,-1,336,337,338,-1,338,337,339,-1,339,337,340,-1,340,337,341,-1,340,341,342,-1,342,341,343,-1,343,344,342,-1,342,344,345,-1,345,344,346,-1,346,344,347,-1,346,347,338,-1,338,347,336,-1,341,337,347,-1,347,337,336,-1,344,343,347,-1,347,343,341,-1,348,349,350,-1,350,349,351,-1,351,349,352,-1,352,349,353,-1,352,353,354,-1,354,353,355,-1,355,356,354,-1,354,356,357,-1,357,356,358,-1,358,356,359,-1,358,359,350,-1,350,359,348,-1,353,349,359,-1,359,349,348,-1,356,355,359,-1,359,355,353,-1,360,361,362,-1,362,361,363,-1,363,361,364,-1,364,361,365,-1,364,365,366,-1,366,365,367,-1,367,368,366,-1,366,368,369,-1,369,368,370,-1,370,368,371,-1,370,371,362,-1,362,371,360,-1,365,361,371,-1,371,361,360,-1,368,367,371,-1,371,367,365,-1,372,373,374,-1,374,373,375,-1,375,373,376,-1,376,373,377,-1,376,377,378,-1,378,377,379,-1,379,380,378,-1,378,380,381,-1,381,380,382,-1,382,380,383,-1,382,383,374,-1,374,383,372,-1,377,373,383,-1,383,373,372,-1,380,379,383,-1,383,379,377,-1,384,385,386,-1,386,385,387,-1,387,385,388,-1,388,385,389,-1,388,389,390,-1,390,389,391,-1,391,392,390,-1,390,392,393,-1,393,392,394,-1,394,392,395,-1,394,395,386,-1,386,395,384,-1,389,385,395,-1,395,385,384,-1,392,391,395,-1,395,391,389,-1,396,397,398,-1,398,397,399,-1,400,401,402,-1,402,401,403,-1,404,401,405,-1,405,401,400,-1,405,400,398,-1,398,400,396,-1,399,397,406,-1,406,397,402,-1,406,402,407,-1,407,402,403,-1,403,401,407,-1,407,401,404,-1,397,396,402,-1,402,396,400,-1,408,409,410,-1,410,409,411,-1,412,413,414,-1,414,413,415,-1,416,413,417,-1,417,413,412,-1,417,412,410,-1,410,412,408,-1,411,409,418,-1,418,409,414,-1,418,414,419,-1,419,414,415,-1,415,413,419,-1,419,413,416,-1,409,408,414,-1,414,408,412,-1,420,421,422,-1,422,421,423,-1,424,425,426,-1,426,425,427,-1,428,425,429,-1,429,425,424,-1,429,424,422,-1,422,424,420,-1,423,421,430,-1,430,421,426,-1,430,426,431,-1,431,426,427,-1,427,425,431,-1,431,425,428,-1,421,420,426,-1,426,420,424,-1,432,433,434,-1,434,433,435,-1,436,437,438,-1,438,437,439,-1,440,437,441,-1,441,437,436,-1,441,436,434,-1,434,436,432,-1,435,433,442,-1,442,433,438,-1,442,438,443,-1,443,438,439,-1,439,437,443,-1,443,437,440,-1,433,432,438,-1,438,432,436,-1,444,445,446,-1,446,445,447,-1,448,449,450,-1,450,449,451,-1,452,449,453,-1,453,449,448,-1,453,448,446,-1,446,448,444,-1,447,445,454,-1,454,445,450,-1,454,450,455,-1,455,450,451,-1,451,449,455,-1,455,449,452,-1,445,444,450,-1,450,444,448,-1,456,457,458,-1,458,457,459,-1,460,461,462,-1,462,461,463,-1,464,461,465,-1,465,461,460,-1,465,460,458,-1,458,460,456,-1,459,457,466,-1,466,457,462,-1,466,462,467,-1,467,462,463,-1,463,461,467,-1,467,461,464,-1,457,456,462,-1,462,456,460,-1,468,469,470,-1,470,469,471,-1,472,473,474,-1,474,473,475,-1,476,473,477,-1,477,473,472,-1,477,472,470,-1,470,472,468,-1,471,469,478,-1,478,469,474,-1,478,474,479,-1,479,474,475,-1,475,473,479,-1,479,473,476,-1,469,468,474,-1,474,468,472,-1,480,481,482,-1,482,481,483,-1,484,485,486,-1,486,485,487,-1,488,485,489,-1,489,485,484,-1,489,484,482,-1,482,484,480,-1,483,481,490,-1,490,481,486,-1,490,486,491,-1,491,486,487,-1,487,485,491,-1,491,485,488,-1,481,480,486,-1,486,480,484,-1,492,493,494,-1,494,493,495,-1,496,497,498,-1,498,497,499,-1,500,497,501,-1,501,497,496,-1,501,496,494,-1,494,496,492,-1,495,493,502,-1,502,493,498,-1,502,498,503,-1,503,498,499,-1,499,497,503,-1,503,497,500,-1,493,492,498,-1,498,492,496,-1,504,505,506,-1,506,505,507,-1,508,509,510,-1,510,509,511,-1,512,509,513,-1,513,509,508,-1,513,508,506,-1,506,508,504,-1,507,505,514,-1,514,505,510,-1,514,510,515,-1,515,510,511,-1,511,509,515,-1,515,509,512,-1,505,504,510,-1,510,504,508,-1,516,517,518,-1,518,517,519,-1,520,521,522,-1,522,521,523,-1,524,521,525,-1,525,521,520,-1,525,520,518,-1,518,520,516,-1,519,517,526,-1,526,517,522,-1,526,522,527,-1,527,522,523,-1,523,521,527,-1,527,521,524,-1,517,516,522,-1,522,516,520,-1,528,529,530,-1,530,529,531,-1,532,533,534,-1,534,533,535,-1,536,533,537,-1,537,533,532,-1,537,532,530,-1,530,532,528,-1,531,529,538,-1,538,529,534,-1,538,534,539,-1,539,534,535,-1,535,533,539,-1,539,533,536,-1,529,528,534,-1,534,528,532,-1,540,541,542,-1,542,541,543,-1,544,545,546,-1,546,545,547,-1,548,545,549,-1,549,545,544,-1,549,544,542,-1,542,544,540,-1,543,541,550,-1,550,541,546,-1,550,546,551,-1,551,546,547,-1,547,545,551,-1,551,545,548,-1,541,540,546,-1,546,540,544,-1,552,553,554,-1,554,553,555,-1,556,557,558,-1,558,557,559,-1,560,557,561,-1,561,557,556,-1,561,556,554,-1,554,556,552,-1,555,553,562,-1,562,553,558,-1,562,558,563,-1,563,558,559,-1,559,557,563,-1,563,557,560,-1,553,552,558,-1,558,552,556,-1,564,565,566,-1,566,565,567,-1,568,569,570,-1,570,569,571,-1,572,569,573,-1,573,569,568,-1,573,568,566,-1,566,568,564,-1,567,565,574,-1,574,565,570,-1,574,570,575,-1,575,570,571,-1,571,569,575,-1,575,569,572,-1,565,564,570,-1,570,564,568,-1,576,577,578,-1,578,577,579,-1,580,581,582,-1,582,581,583,-1,584,581,585,-1,585,581,580,-1,585,580,578,-1,578,580,576,-1,579,577,586,-1,586,577,582,-1,586,582,587,-1,587,582,583,-1,583,581,587,-1,587,581,584,-1,577,576,582,-1,582,576,580,-1,588,589,590,-1,590,589,591,-1,592,593,594,-1,594,593,595,-1,596,593,597,-1,597,593,592,-1,597,592,590,-1,590,592,588,-1,591,589,598,-1,598,589,594,-1,598,594,599,-1,599,594,595,-1,595,593,599,-1,599,593,596,-1,589,588,594,-1,594,588,592,-1,600,601,602,-1,602,601,603,-1,604,605,606,-1,606,605,607,-1,608,605,609,-1,609,605,604,-1,609,604,602,-1,602,604,600,-1,603,601,610,-1,610,601,606,-1,610,606,611,-1,611,606,607,-1,607,605,611,-1,611,605,608,-1,601,600,606,-1,606,600,604,-1,612,613,614,-1,614,613,615,-1,616,617,618,-1,618,617,619,-1,620,617,621,-1,621,617,616,-1,621,616,614,-1,614,616,612,-1,615,613,622,-1,622,613,618,-1,622,618,623,-1,623,618,619,-1,619,617,623,-1,623,617,620,-1,613,612,618,-1,618,612,616,-1,624,625,626,-1,626,625,627,-1,628,629,630,-1,630,629,631,-1,632,629,633,-1,633,629,628,-1,633,628,626,-1,626,628,624,-1,627,625,634,-1,634,625,630,-1,634,630,635,-1,635,630,631,-1,631,629,635,-1,635,629,632,-1,625,624,630,-1,630,624,628,-1,636,637,638,-1,638,637,639,-1,640,641,642,-1,642,641,643,-1,644,641,645,-1,645,641,640,-1,645,640,638,-1,638,640,636,-1,639,637,646,-1,646,637,642,-1,646,642,647,-1,647,642,643,-1,643,641,647,-1,647,641,644,-1,637,636,642,-1,642,636,640,-1,648,649,650,-1,650,649,651,-1,652,653,654,-1,654,653,655,-1,656,653,657,-1,657,653,652,-1,657,652,650,-1,650,652,648,-1,651,649,658,-1,658,649,654,-1,658,654,659,-1,659,654,655,-1,655,653,659,-1,659,653,656,-1,649,648,654,-1,654,648,652,-1,660,661,662,-1,662,661,663,-1,664,665,666,-1,666,665,667,-1,668,665,669,-1,669,665,664,-1,669,664,662,-1,662,664,660,-1,663,661,670,-1,670,661,666,-1,670,666,671,-1,671,666,667,-1,667,665,671,-1,671,665,668,-1,661,660,666,-1,666,660,664,-1,672,673,674,-1,674,673,675,-1,676,677,678,-1,678,677,679,-1,680,677,681,-1,681,677,676,-1,681,676,674,-1,674,676,672,-1,675,673,682,-1,682,673,678,-1,682,678,683,-1,683,678,679,-1,679,677,683,-1,683,677,680,-1,673,672,678,-1,678,672,676,-1,684,685,686,-1,686,685,687,-1,688,689,690,-1,690,689,691,-1,692,689,693,-1,693,689,688,-1,693,688,686,-1,686,688,684,-1,687,685,694,-1,694,685,690,-1,694,690,695,-1,695,690,691,-1,691,689,695,-1,695,689,692,-1,685,684,690,-1,690,684,688,-1,696,697,698,-1,698,697,699,-1,700,701,702,-1,702,701,703,-1,704,701,705,-1,705,701,700,-1,705,700,698,-1,698,700,696,-1,699,697,706,-1,706,697,702,-1,706,702,707,-1,707,702,703,-1,703,701,707,-1,707,701,704,-1,697,696,702,-1,702,696,700,-1,708,709,710,-1,710,709,711,-1,712,713,714,-1,714,713,715,-1,716,713,717,-1,717,713,712,-1,717,712,710,-1,710,712,708,-1,711,709,718,-1,718,709,714,-1,718,714,719,-1,719,714,715,-1,715,713,719,-1,719,713,716,-1,709,708,714,-1,714,708,712,-1,720,721,722,-1,722,721,723,-1,724,725,726,-1,726,725,727,-1,728,725,729,-1,729,725,724,-1,729,724,722,-1,722,724,720,-1,723,721,730,-1,730,721,726,-1,730,726,731,-1,731,726,727,-1,727,725,731,-1,731,725,728,-1,721,720,726,-1,726,720,724,-1,732,733,734,-1,734,733,735,-1,736,737,738,-1,738,737,739,-1,740,737,741,-1,741,737,736,-1,741,736,734,-1,734,736,732,-1,735,733,742,-1,742,733,738,-1,742,738,743,-1,743,738,739,-1,739,737,743,-1,743,737,740,-1,733,732,738,-1,738,732,736,-1,744,745,746,-1,746,745,747,-1,748,749,750,-1,750,749,751,-1,752,749,753,-1,753,749,748,-1,753,748,746,-1,746,748,744,-1,747,745,754,-1,754,745,750,-1,754,750,755,-1,755,750,751,-1,751,749,755,-1,755,749,752,-1,745,744,750,-1,750,744,748,-1,756,757,758,-1,758,757,759,-1,760,761,762,-1,762,761,763,-1,764,761,765,-1,765,761,760,-1,765,760,758,-1,758,760,756,-1,759,757,766,-1,766,757,762,-1,766,762,767,-1,767,762,763,-1,763,761,767,-1,767,761,764,-1,757,756,762,-1,762,756,760,-1,768,769,770,-1,770,769,771,-1,772,773,774,-1,774,773,775,-1,774,775,768,-1,768,775,769,-1,770,771,776,-1,776,771,777,-1,776,777,778,-1,778,777,779,-1,779,773,778,-1,778,773,772,-1,777,771,775,-1,775,771,769,-1,779,777,773,-1,773,777,775,-1,780,781,782,-1,782,781,783,-1,784,785,786,-1,786,785,787,-1,786,787,780,-1,780,787,781,-1,782,783,788,-1,788,783,789,-1,788,789,790,-1,790,789,791,-1,791,785,790,-1,790,785,784,-1,789,783,787,-1,787,783,781,-1,791,789,785,-1,785,789,787,-1,792,793,794,-1,794,793,795,-1,796,797,798,-1,798,797,799,-1,798,799,792,-1,792,799,793,-1,794,795,800,-1,800,795,801,-1,800,801,802,-1,802,801,803,-1,803,797,802,-1,802,797,796,-1,801,795,799,-1,799,795,793,-1,803,801,797,-1,797,801,799,-1,804,805,806,-1,806,805,807,-1,808,809,810,-1,810,809,811,-1,810,811,804,-1,804,811,805,-1,806,807,812,-1,812,807,813,-1,812,813,814,-1,814,813,815,-1,815,809,814,-1,814,809,808,-1,813,807,811,-1,811,807,805,-1,815,813,809,-1,809,813,811,-1,816,817,818,-1,818,817,819,-1,820,821,822,-1,822,821,823,-1,822,823,816,-1,816,823,817,-1,818,819,824,-1,824,819,825,-1,824,825,826,-1,826,825,827,-1,827,821,826,-1,826,821,820,-1,825,819,823,-1,823,819,817,-1,827,825,821,-1,821,825,823,-1,828,829,830,-1,830,829,831,-1,832,833,834,-1,834,833,835,-1,834,835,828,-1,828,835,829,-1,830,831,836,-1,836,831,837,-1,836,837,838,-1,838,837,839,-1,839,833,838,-1,838,833,832,-1,837,831,835,-1,835,831,829,-1,839,837,833,-1,833,837,835,-1,840,841,842,-1,842,841,843,-1,844,845,846,-1,846,845,847,-1,846,847,840,-1,840,847,841,-1,842,843,848,-1,848,843,849,-1,848,849,850,-1,850,849,851,-1,851,845,850,-1,850,845,844,-1,849,843,847,-1,847,843,841,-1,851,849,845,-1,845,849,847,-1,852,853,854,-1,854,853,855,-1,856,857,858,-1,858,857,859,-1,858,859,852,-1,852,859,853,-1,854,855,860,-1,860,855,861,-1,860,861,862,-1,862,861,863,-1,863,857,862,-1,862,857,856,-1,861,855,859,-1,859,855,853,-1,863,861,857,-1,857,861,859,-1,864,865,866,-1,866,865,867,-1,868,869,870,-1,870,869,871,-1,870,871,864,-1,864,871,865,-1,866,867,872,-1,872,867,873,-1,872,873,874,-1,874,873,875,-1,875,869,874,-1,874,869,868,-1,873,867,871,-1,871,867,865,-1,875,873,869,-1,869,873,871,-1,876,877,878,-1,878,877,879,-1,880,881,882,-1,882,881,883,-1,882,883,876,-1,876,883,877,-1,878,879,884,-1,884,879,885,-1,884,885,886,-1,886,885,887,-1,887,881,886,-1,886,881,880,-1,885,879,883,-1,883,879,877,-1,887,885,881,-1,881,885,883,-1,888,889,890,-1,890,889,891,-1,892,893,894,-1,894,893,895,-1,894,895,888,-1,888,895,889,-1,890,891,896,-1,896,891,897,-1,896,897,898,-1,898,897,899,-1,899,893,898,-1,898,893,892,-1,897,891,895,-1,895,891,889,-1,899,897,893,-1,893,897,895,-1,900,901,902,-1,902,901,903,-1,904,905,906,-1,906,905,907,-1,906,907,900,-1,900,907,901,-1,902,903,908,-1,908,903,909,-1,908,909,910,-1,910,909,911,-1,911,905,910,-1,910,905,904,-1,909,903,907,-1,907,903,901,-1,911,909,905,-1,905,909,907,-1,912,913,914,-1,914,913,915,-1,916,917,918,-1,918,917,919,-1,918,919,912,-1,912,919,913,-1,914,915,920,-1,920,915,921,-1,920,921,922,-1,922,921,923,-1,923,917,922,-1,922,917,916,-1,921,915,919,-1,919,915,913,-1,923,921,917,-1,917,921,919,-1,924,925,926,-1,926,925,927,-1,928,929,930,-1,930,929,931,-1,930,931,924,-1,924,931,925,-1,926,927,932,-1,932,927,933,-1,932,933,934,-1,934,933,935,-1,935,929,934,-1,934,929,928,-1,933,927,931,-1,931,927,925,-1,935,933,929,-1,929,933,931,-1,936,937,938,-1,938,937,939,-1,940,941,942,-1,942,941,943,-1,942,943,936,-1,936,943,937,-1,938,939,944,-1,944,939,945,-1,944,945,946,-1,946,945,947,-1,947,941,946,-1,946,941,940,-1,945,939,943,-1,943,939,937,-1,947,945,941,-1,941,945,943,-1,948,949,950,-1,950,949,951,-1,952,953,954,-1,954,953,955,-1,954,955,948,-1,948,955,949,-1,950,951,956,-1,956,951,957,-1,956,957,958,-1,958,957,959,-1,959,953,958,-1,958,953,952,-1,957,951,955,-1,955,951,949,-1,959,957,953,-1,953,957,955,-1,960,961,962,-1,962,961,963,-1,964,965,966,-1,966,965,967,-1,966,967,960,-1,960,967,961,-1,962,963,968,-1,968,963,969,-1,968,969,970,-1,970,969,971,-1,971,965,970,-1,970,965,964,-1,969,963,967,-1,967,963,961,-1,971,969,965,-1,965,969,967,-1,972,973,974,-1,974,973,975,-1,976,977,978,-1,978,977,979,-1,978,979,972,-1,972,979,973,-1,974,975,980,-1,980,975,981,-1,980,981,982,-1,982,981,983,-1,983,977,982,-1,982,977,976,-1,981,975,979,-1,979,975,973,-1,983,981,977,-1,977,981,979,-1,984,985,986,-1,986,985,987,-1,988,989,990,-1,990,989,991,-1,990,991,984,-1,984,991,985,-1,986,987,992,-1,992,987,993,-1,992,993,994,-1,994,993,995,-1,995,989,994,-1,994,989,988,-1,993,987,991,-1,991,987,985,-1,995,993,989,-1,989,993,991,-1,996,997,998,-1,998,997,999,-1,1000,1001,1002,-1,1002,1001,1003,-1,1002,1003,996,-1,996,1003,997,-1,998,999,1004,-1,1004,999,1005,-1,1004,1005,1006,-1,1006,1005,1007,-1,1007,1001,1006,-1,1006,1001,1000,-1,1005,999,1003,-1,1003,999,997,-1,1007,1005,1001,-1,1001,1005,1003,-1,1008,1009,1010,-1,1010,1009,1011,-1,1012,1013,1014,-1,1014,1013,1015,-1,1014,1015,1008,-1,1008,1015,1009,-1,1010,1011,1016,-1,1016,1011,1017,-1,1016,1017,1018,-1,1018,1017,1019,-1,1019,1013,1018,-1,1018,1013,1012,-1,1017,1011,1015,-1,1015,1011,1009,-1,1019,1017,1013,-1,1013,1017,1015,-1,1020,1021,1022,-1,1022,1021,1023,-1,1024,1025,1026,-1,1026,1025,1027,-1,1026,1027,1020,-1,1020,1027,1021,-1,1022,1023,1028,-1,1028,1023,1029,-1,1028,1029,1030,-1,1030,1029,1031,-1,1031,1025,1030,-1,1030,1025,1024,-1,1029,1023,1027,-1,1027,1023,1021,-1,1031,1029,1025,-1,1025,1029,1027,-1,1032,1033,1034,-1,1034,1033,1035,-1,1036,1037,1038,-1,1038,1037,1039,-1,1038,1039,1032,-1,1032,1039,1033,-1,1034,1035,1040,-1,1040,1035,1041,-1,1040,1041,1042,-1,1042,1041,1043,-1,1043,1037,1042,-1,1042,1037,1036,-1,1041,1035,1039,-1,1039,1035,1033,-1,1043,1041,1037,-1,1037,1041,1039,-1,1044,1045,1046,-1,1046,1045,1047,-1,1048,1049,1050,-1,1050,1049,1051,-1,1050,1051,1044,-1,1044,1051,1045,-1,1046,1047,1052,-1,1052,1047,1053,-1,1052,1053,1054,-1,1054,1053,1055,-1,1055,1049,1054,-1,1054,1049,1048,-1,1053,1047,1051,-1,1051,1047,1045,-1,1055,1053,1049,-1,1049,1053,1051,-1,1056,1057,1058,-1,1058,1057,1059,-1,1060,1061,1062,-1,1062,1061,1063,-1,1062,1063,1056,-1,1056,1063,1057,-1,1058,1059,1064,-1,1064,1059,1065,-1,1064,1065,1066,-1,1066,1065,1067,-1,1067,1061,1066,-1,1066,1061,1060,-1,1065,1059,1063,-1,1063,1059,1057,-1,1067,1065,1061,-1,1061,1065,1063,-1,1068,1069,1070,-1,1070,1069,1071,-1,1072,1073,1074,-1,1074,1073,1075,-1,1074,1075,1068,-1,1068,1075,1069,-1,1070,1071,1076,-1,1076,1071,1077,-1,1076,1077,1078,-1,1078,1077,1079,-1,1079,1073,1078,-1,1078,1073,1072,-1,1077,1071,1075,-1,1075,1071,1069,-1,1079,1077,1073,-1,1073,1077,1075,-1,1080,1081,1082,-1,1082,1081,1083,-1,1084,1085,1086,-1,1086,1085,1087,-1,1086,1087,1080,-1,1080,1087,1081,-1,1082,1083,1088,-1,1088,1083,1089,-1,1088,1089,1090,-1,1090,1089,1091,-1,1091,1085,1090,-1,1090,1085,1084,-1,1089,1083,1087,-1,1087,1083,1081,-1,1091,1089,1085,-1,1085,1089,1087,-1,1092,1093,1094,-1,1094,1093,1095,-1,1096,1097,1098,-1,1098,1097,1099,-1,1098,1099,1092,-1,1092,1099,1093,-1,1094,1095,1100,-1,1100,1095,1101,-1,1100,1101,1102,-1,1102,1101,1103,-1,1103,1097,1102,-1,1102,1097,1096,-1,1101,1095,1099,-1,1099,1095,1093,-1,1103,1101,1097,-1,1097,1101,1099,-1,1104,1105,1106,-1,1106,1105,1107,-1,1108,1109,1110,-1,1110,1109,1111,-1,1110,1111,1104,-1,1104,1111,1105,-1,1106,1107,1112,-1,1112,1107,1113,-1,1112,1113,1114,-1,1114,1113,1115,-1,1115,1109,1114,-1,1114,1109,1108,-1,1113,1107,1111,-1,1111,1107,1105,-1,1115,1113,1109,-1,1109,1113,1111,-1,1116,1117,1118,-1,1118,1117,1119,-1,1120,1121,1122,-1,1122,1121,1123,-1,1122,1123,1116,-1,1116,1123,1117,-1,1118,1119,1124,-1,1124,1119,1125,-1,1124,1125,1126,-1,1126,1125,1127,-1,1127,1121,1126,-1,1126,1121,1120,-1,1125,1119,1123,-1,1123,1119,1117,-1,1127,1125,1121,-1,1121,1125,1123,-1,1128,1129,1130,-1,1130,1129,1131,-1,1132,1133,1134,-1,1134,1133,1135,-1,1134,1135,1128,-1,1128,1135,1129,-1,1130,1131,1136,-1,1136,1131,1137,-1,1136,1137,1138,-1,1138,1137,1139,-1,1139,1133,1138,-1,1138,1133,1132,-1,1137,1131,1135,-1,1135,1131,1129,-1,1139,1137,1133,-1,1133,1137,1135,-1,1140,1141,1142,-1,1142,1141,1143,-1,1143,1141,1144,-1,1144,1141,1145,-1,1144,1145,1146,-1,1146,1145,1147,-1,1147,1148,1146,-1,1146,1148,1149,-1,1149,1148,1150,-1,1150,1148,1151,-1,1150,1151,1142,-1,1142,1151,1140,-1,1145,1141,1151,-1,1151,1141,1140,-1,1148,1147,1151,-1,1151,1147,1145,-1,1152,1153,1154,-1,1154,1153,1155,-1,1156,1157,1158,-1,1158,1157,1159,-1,1158,1159,1154,-1,1154,1159,1152,-1,1155,1153,1160,-1,1160,1153,1161,-1,1160,1161,1162,-1,1162,1161,1163,-1,1159,1157,1161,-1,1161,1157,1163,-1,1162,1163,1156,-1,1156,1163,1157,-1,1161,1153,1159,-1,1159,1153,1152,-1,1164,1165,1166,-1,1166,1165,1167,-1,1168,1169,1170,-1,1170,1169,1171,-1,1170,1171,1166,-1,1166,1171,1164,-1,1167,1165,1172,-1,1172,1165,1173,-1,1172,1173,1174,-1,1174,1173,1175,-1,1171,1169,1173,-1,1173,1169,1175,-1,1174,1175,1168,-1,1168,1175,1169,-1,1173,1165,1171,-1,1171,1165,1164,-1,1176,1177,1178,-1,1178,1177,1179,-1,1180,1181,1182,-1,1182,1181,1183,-1,1182,1183,1178,-1,1178,1183,1176,-1,1179,1177,1184,-1,1184,1177,1185,-1,1184,1185,1186,-1,1186,1185,1187,-1,1183,1181,1185,-1,1185,1181,1187,-1,1186,1187,1180,-1,1180,1187,1181,-1,1185,1177,1183,-1,1183,1177,1176,-1,1188,1189,1190,-1,1190,1189,1191,-1,1192,1193,1194,-1,1194,1193,1195,-1,1194,1195,1190,-1,1190,1195,1188,-1,1191,1189,1196,-1,1196,1189,1197,-1,1196,1197,1198,-1,1198,1197,1199,-1,1195,1193,1197,-1,1197,1193,1199,-1,1198,1199,1192,-1,1192,1199,1193,-1,1197,1189,1195,-1,1195,1189,1188,-1,1200,1201,1202,-1,1202,1201,1203,-1,1204,1205,1206,-1,1206,1205,1207,-1,1206,1207,1202,-1,1202,1207,1200,-1,1203,1201,1208,-1,1208,1201,1209,-1,1208,1209,1210,-1,1210,1209,1211,-1,1207,1205,1209,-1,1209,1205,1211,-1,1210,1211,1204,-1,1204,1211,1205,-1,1209,1201,1207,-1,1207,1201,1200,-1,1212,1213,1214,-1,1214,1213,1215,-1,1216,1217,1218,-1,1218,1217,1219,-1,1218,1219,1214,-1,1214,1219,1212,-1,1215,1213,1220,-1,1220,1213,1221,-1,1220,1221,1222,-1,1222,1221,1223,-1,1219,1217,1221,-1,1221,1217,1223,-1,1222,1223,1216,-1,1216,1223,1217,-1,1221,1213,1219,-1,1219,1213,1212,-1,1224,1225,1226,-1,1226,1225,1227,-1,1228,1229,1230,-1,1230,1229,1231,-1,1230,1231,1226,-1,1226,1231,1224,-1,1227,1225,1232,-1,1232,1225,1233,-1,1232,1233,1234,-1,1234,1233,1235,-1,1231,1229,1233,-1,1233,1229,1235,-1,1234,1235,1228,-1,1228,1235,1229,-1,1233,1225,1231,-1,1231,1225,1224,-1,1236,1237,1238,-1,1238,1237,1239,-1,1240,1241,1242,-1,1242,1241,1243,-1,1242,1243,1238,-1,1238,1243,1236,-1,1239,1237,1244,-1,1244,1237,1245,-1,1244,1245,1246,-1,1246,1245,1247,-1,1243,1241,1245,-1,1245,1241,1247,-1,1246,1247,1240,-1,1240,1247,1241,-1,1245,1237,1243,-1,1243,1237,1236,-1,1248,1249,1250,-1,1250,1249,1251,-1,1252,1253,1254,-1,1254,1253,1255,-1,1254,1255,1250,-1,1250,1255,1248,-1,1251,1249,1256,-1,1256,1249,1257,-1,1256,1257,1258,-1,1258,1257,1259,-1,1255,1253,1257,-1,1257,1253,1259,-1,1258,1259,1252,-1,1252,1259,1253,-1,1257,1249,1255,-1,1255,1249,1248,-1,1260,1261,1262,-1,1262,1261,1263,-1,1264,1265,1266,-1,1266,1265,1267,-1,1266,1267,1262,-1,1262,1267,1260,-1,1263,1261,1268,-1,1268,1261,1269,-1,1268,1269,1270,-1,1270,1269,1271,-1,1267,1265,1269,-1,1269,1265,1271,-1,1270,1271,1264,-1,1264,1271,1265,-1,1269,1261,1267,-1,1267,1261,1260,-1,1272,1273,1274,-1,1274,1273,1275,-1,1276,1277,1278,-1,1278,1277,1279,-1,1278,1279,1274,-1,1274,1279,1272,-1,1275,1273,1280,-1,1280,1273,1281,-1,1280,1281,1282,-1,1282,1281,1283,-1,1279,1277,1281,-1,1281,1277,1283,-1,1282,1283,1276,-1,1276,1283,1277,-1,1281,1273,1279,-1,1279,1273,1272,-1,1284,1285,1286,-1,1286,1285,1287,-1,1288,1289,1290,-1,1290,1289,1291,-1,1290,1291,1286,-1,1286,1291,1284,-1,1287,1285,1292,-1,1292,1285,1293,-1,1292,1293,1294,-1,1294,1293,1295,-1,1291,1289,1293,-1,1293,1289,1295,-1,1294,1295,1288,-1,1288,1295,1289,-1,1293,1285,1291,-1,1291,1285,1284,-1,1296,1297,1298,-1,1298,1297,1299,-1,1300,1301,1302,-1,1302,1301,1303,-1,1302,1303,1298,-1,1298,1303,1296,-1,1299,1297,1304,-1,1304,1297,1305,-1,1304,1305,1306,-1,1306,1305,1307,-1,1303,1301,1305,-1,1305,1301,1307,-1,1306,1307,1300,-1,1300,1307,1301,-1,1305,1297,1303,-1,1303,1297,1296,-1,1308,1309,1310,-1,1310,1309,1311,-1,1312,1313,1314,-1,1314,1313,1315,-1,1314,1315,1310,-1,1310,1315,1308,-1,1311,1309,1316,-1,1316,1309,1317,-1,1316,1317,1318,-1,1318,1317,1319,-1,1315,1313,1317,-1,1317,1313,1319,-1,1318,1319,1312,-1,1312,1319,1313,-1,1317,1309,1315,-1,1315,1309,1308,-1,1320,1321,1322,-1,1322,1321,1323,-1,1324,1325,1326,-1,1326,1325,1327,-1,1326,1327,1322,-1,1322,1327,1320,-1,1323,1321,1328,-1,1328,1321,1329,-1,1328,1329,1330,-1,1330,1329,1331,-1,1327,1325,1329,-1,1329,1325,1331,-1,1330,1331,1324,-1,1324,1331,1325,-1,1329,1321,1327,-1,1327,1321,1320,-1,1332,1333,1334,-1,1334,1333,1335,-1,1336,1337,1338,-1,1338,1337,1339,-1,1338,1339,1334,-1,1334,1339,1332,-1,1335,1333,1340,-1,1340,1333,1341,-1,1340,1341,1342,-1,1342,1341,1343,-1,1339,1337,1341,-1,1341,1337,1343,-1,1342,1343,1336,-1,1336,1343,1337,-1,1341,1333,1339,-1,1339,1333,1332,-1,1344,1345,1346,-1,1346,1345,1347,-1,1348,1349,1350,-1,1350,1349,1351,-1,1350,1351,1346,-1,1346,1351,1344,-1,1347,1345,1352,-1,1352,1345,1353,-1,1352,1353,1354,-1,1354,1353,1355,-1,1351,1349,1353,-1,1353,1349,1355,-1,1354,1355,1348,-1,1348,1355,1349,-1,1353,1345,1351,-1,1351,1345,1344,-1,1356,1357,1358,-1,1358,1357,1359,-1,1360,1361,1362,-1,1362,1361,1363,-1,1362,1363,1358,-1,1358,1363,1356,-1,1359,1357,1364,-1,1364,1357,1365,-1,1364,1365,1366,-1,1366,1365,1367,-1,1363,1361,1365,-1,1365,1361,1367,-1,1366,1367,1360,-1,1360,1367,1361,-1,1365,1357,1363,-1,1363,1357,1356,-1,1368,1369,1370,-1,1370,1369,1371,-1,1372,1373,1374,-1,1374,1373,1375,-1,1374,1375,1370,-1,1370,1375,1368,-1,1371,1369,1376,-1,1376,1369,1377,-1,1376,1377,1378,-1,1378,1377,1379,-1,1375,1373,1377,-1,1377,1373,1379,-1,1378,1379,1372,-1,1372,1379,1373,-1,1377,1369,1375,-1,1375,1369,1368,-1,1380,1381,1382,-1,1382,1381,1383,-1,1384,1385,1386,-1,1386,1385,1387,-1,1386,1387,1382,-1,1382,1387,1380,-1,1383,1381,1388,-1,1388,1381,1389,-1,1388,1389,1390,-1,1390,1389,1391,-1,1387,1385,1389,-1,1389,1385,1391,-1,1390,1391,1384,-1,1384,1391,1385,-1,1389,1381,1387,-1,1387,1381,1380,-1,1392,1393,1394,-1,1394,1393,1395,-1,1396,1397,1398,-1,1398,1397,1399,-1,1398,1399,1394,-1,1394,1399,1392,-1,1395,1393,1400,-1,1400,1393,1401,-1,1400,1401,1402,-1,1402,1401,1403,-1,1399,1397,1401,-1,1401,1397,1403,-1,1402,1403,1396,-1,1396,1403,1397,-1,1401,1393,1399,-1,1399,1393,1392,-1,1404,1405,1406,-1,1406,1405,1407,-1,1408,1409,1410,-1,1410,1409,1411,-1,1410,1411,1406,-1,1406,1411,1404,-1,1407,1405,1412,-1,1412,1405,1413,-1,1412,1413,1414,-1,1414,1413,1415,-1,1411,1409,1413,-1,1413,1409,1415,-1,1414,1415,1408,-1,1408,1415,1409,-1,1413,1405,1411,-1,1411,1405,1404,-1,1416,1417,1418,-1,1418,1417,1419,-1,1420,1421,1422,-1,1422,1421,1423,-1,1422,1423,1418,-1,1418,1423,1416,-1,1419,1417,1424,-1,1424,1417,1425,-1,1424,1425,1426,-1,1426,1425,1427,-1,1423,1421,1425,-1,1425,1421,1427,-1,1426,1427,1420,-1,1420,1427,1421,-1,1425,1417,1423,-1,1423,1417,1416,-1,1428,1429,1430,-1,1430,1429,1431,-1,1432,1433,1434,-1,1434,1433,1435,-1,1434,1435,1430,-1,1430,1435,1428,-1,1431,1429,1436,-1,1436,1429,1437,-1,1436,1437,1438,-1,1438,1437,1439,-1,1435,1433,1437,-1,1437,1433,1439,-1,1438,1439,1432,-1,1432,1439,1433,-1,1437,1429,1435,-1,1435,1429,1428,-1,1440,1441,1442,-1,1442,1441,1443,-1,1444,1445,1446,-1,1446,1445,1447,-1,1446,1447,1442,-1,1442,1447,1440,-1,1443,1441,1448,-1,1448,1441,1449,-1,1448,1449,1450,-1,1450,1449,1451,-1,1447,1445,1449,-1,1449,1445,1451,-1,1450,1451,1444,-1,1444,1451,1445,-1,1449,1441,1447,-1,1447,1441,1440,-1,1452,1453,1454,-1,1454,1453,1455,-1,1456,1457,1458,-1,1458,1457,1459,-1,1458,1459,1454,-1,1454,1459,1452,-1,1455,1453,1460,-1,1460,1453,1461,-1,1460,1461,1462,-1,1462,1461,1463,-1,1459,1457,1461,-1,1461,1457,1463,-1,1462,1463,1456,-1,1456,1463,1457,-1,1461,1453,1459,-1,1459,1453,1452,-1,1464,1465,1466,-1,1466,1465,1467,-1,1468,1469,1470,-1,1470,1469,1471,-1,1470,1471,1466,-1,1466,1471,1464,-1,1467,1465,1472,-1,1472,1465,1473,-1,1472,1473,1474,-1,1474,1473,1475,-1,1471,1469,1473,-1,1473,1469,1475,-1,1474,1475,1468,-1,1468,1475,1469,-1,1473,1465,1471,-1,1471,1465,1464,-1,1476,1477,1478,-1,1478,1477,1479,-1,1480,1481,1482,-1,1482,1481,1483,-1,1482,1483,1478,-1,1478,1483,1476,-1,1479,1477,1484,-1,1484,1477,1485,-1,1484,1485,1486,-1,1486,1485,1487,-1,1483,1481,1485,-1,1485,1481,1487,-1,1486,1487,1480,-1,1480,1487,1481,-1,1485,1477,1483,-1,1483,1477,1476,-1,1488,1489,1490,-1,1490,1489,1491,-1,1492,1493,1494,-1,1494,1493,1495,-1,1494,1495,1490,-1,1490,1495,1488,-1,1491,1489,1496,-1,1496,1489,1497,-1,1496,1497,1498,-1,1498,1497,1499,-1,1495,1493,1497,-1,1497,1493,1499,-1,1498,1499,1492,-1,1492,1499,1493,-1,1497,1489,1495,-1,1495,1489,1488,-1,1500,1501,1502,-1,1502,1501,1503,-1,1504,1505,1506,-1,1506,1505,1507,-1,1506,1507,1502,-1,1502,1507,1500,-1,1503,1501,1508,-1,1508,1501,1509,-1,1508,1509,1510,-1,1510,1509,1511,-1,1507,1505,1509,-1,1509,1505,1511,-1,1510,1511,1504,-1,1504,1511,1505,-1,1509,1501,1507,-1,1507,1501,1500,-1,1512,1513,1514,-1,1514,1513,1515,-1,1516,1517,1518,-1,1518,1517,1519,-1,1518,1519,1514,-1,1514,1519,1512,-1,1515,1513,1520,-1,1520,1513,1521,-1,1520,1521,1522,-1,1522,1521,1523,-1,1519,1517,1521,-1,1521,1517,1523,-1,1522,1523,1516,-1,1516,1523,1517,-1,1521,1513,1519,-1,1519,1513,1512,-1,1524,1525,1526,-1,1526,1525,1527,-1,1528,1529,1530,-1,1530,1529,1531,-1,1530,1531,1526,-1,1526,1531,1524,-1,1527,1525,1532,-1,1532,1525,1533,-1,1532,1533,1534,-1,1534,1533,1535,-1,1531,1529,1533,-1,1533,1529,1535,-1,1534,1535,1528,-1,1528,1535,1529,-1,1533,1525,1531,-1,1531,1525,1524,-1,1536,1537,1538,-1,1538,1537,1539,-1,1540,1536,1541,-1,1541,1536,1538,-1,1542,1540,1543,-1,1543,1540,1541,-1,1544,1542,1545,-1,1545,1542,1543,-1,1537,1544,1539,-1,1539,1544,1545,-1,1544,1537,1542,-1,1542,1537,1536,-1,1542,1536,1540,-1,
        ]
    }
}
Shape{
    appearance Appearance {
        material  Material 	{
            diffuseColor 0.2980392156862745 0.2980392156862745 0.2980392156862745
            specularColor 0.14901960784313725 0.14901960784313725 0.14901960784313725
            ambientIntensity 0.298
            transparency 0.0
            shininess 0.5
        }
    }
    geometry IndexedFaceSet {
        ccw TRUE
        solid FALSE
        coord DEF co Coordinate {
            point [
                -2.4213 2.4016 0.0079, -2.4213 2.4016 0.2638, -2.4206 2.4067 0.2638, -2.4206 2.4067 0.0079, -2.4186 2.4114 0.2638, -2.4186 2.4114 0.0079, -2.4155 2.4155 0.2638, -2.4155 2.4155 0.0079, -2.4114 2.4186 0.2638, -2.4114 2.4186 0.0079, -2.4067 2.4206 0.2638, -2.4067 2.4206 0.0079, -2.4016 2.4213 0.2638, -2.4016 2.4213 0.0079, -2.4016 2.4016 0.2835, 2.4016 2.4016 0.2835, 2.4016 2.4067 0.2828, -2.4016 2.4067 0.2828, 2.4016 2.4114 0.2808, -2.4016 2.4114 0.2808, 2.4016 2.4155 0.2777, -2.4016 2.4155 0.2777, 2.4016 2.4186 0.2736, -2.4016 2.4186 0.2736, 2.4016 2.4206 0.2689, -2.4016 2.4206 0.2689, 2.4016 2.4213 0.2638, 2.4213 2.4016 0.2638, 2.4213 2.4016 0.0079, 2.4206 2.4067 0.0079, 2.4206 2.4067 0.2638, 2.4186 2.4114 0.0079, 2.4186 2.4114 0.2638, 2.4155 2.4155 0.0079, 2.4155 2.4155 0.2638, 2.4114 2.4186 0.0079, 2.4114 2.4186 0.2638, 2.4067 2.4206 0.0079, 2.4067 2.4206 0.2638, 2.4016 2.4213 0.0079, -2.4206 2.4016 0.2689, -2.4199 2.4065 0.2689, -2.4101 2.4065 0.2808, -2.406 2.4041 0.2828, -2.4052 2.4052 0.2828, -2.4029 2.4065 0.2828, -2.4065 2.4029 0.2828, -2.4111 2.4041 0.2808, -2.415 2.4052 0.2777, -2.4067 2.4016 0.2828, -2.4085 2.4085 0.2808, -2.4041 2.406 0.2828, -2.4065 2.4101 0.2808, -2.4041 2.4111 0.2808, -2.4114 2.4016 0.2808, -2.4155 2.4016 0.2777, -2.4186 2.4016 0.2736, -2.4136 2.4085 0.2777, -2.4114 2.4114 0.2777, -2.4085 2.4136 0.2777, -2.4052 2.415 0.2777, -2.418 2.406 0.2736, -2.4163 2.4101 0.2736, -2.4136 2.4136 0.2736, -2.4101 2.4163 0.2736, -2.406 2.418 0.2736, -2.418 2.4111 0.2689, -2.415 2.415 0.2689, -2.4111 2.418 0.2689, -2.4065 2.4199 0.2689, 2.4065 2.4199 0.2689, 2.4065 2.4101 0.2808, 2.4041 2.406 0.2828, 2.4052 2.4052 0.2828, 2.4067 2.4016 0.2828, 2.4065 2.4029 0.2828, 2.4029 2.4065 0.2828, 2.4041 2.4111 0.2808, 2.4052 2.415 0.2777, 2.4085 2.4085 0.2808, 2.406 2.4041 0.2828, 2.4101 2.4065 0.2808, 2.4111 2.4041 0.2808, 2.4114 2.4016 0.2808, 2.4085 2.4136 0.2777, 2.4114 2.4114 0.2777, 2.4136 2.4085 0.2777, 2.415 2.4052 0.2777, 2.4155 2.4016 0.2777, 2.406 2.418 0.2736, 2.4101 2.4163 0.2736, 2.4136 2.4136 0.2736, 2.4163 2.4101 0.2736, 2.418 2.406 0.2736, 2.4186 2.4016 0.2736, 2.4111 2.418 0.2689, 2.415 2.415 0.2689, 2.418 2.4111 0.2689, 2.4199 2.4065 0.2689, 2.4206 2.4016 0.2689, -2.4213 -2.4016 0.2638, -2.4213 -2.4016 0.0079, -2.4206 -2.4067 0.0079, -2.4206 -2.4067 0.2638, -2.4186 -2.4114 0.0079, -2.4186 -2.4114 0.2638, -2.4155 -2.4155 0.0079, -2.4155 -2.4155 0.2638, -2.4114 -2.4186 0.0079, -2.4114 -2.4186 0.2638, -2.4067 -2.4206 0.0079, -2.4067 -2.4206 0.2638, -2.4016 -2.4213 0.0079, -2.4016 -2.4213 0.2638, -2.4016 -2.4016 0.2835, -2.4067 -2.4016 0.2828, -2.4114 -2.4016 0.2808, -2.4155 -2.4016 0.2777, -2.4186 -2.4016 0.2736, -2.4206 -2.4016 0.2689, 2.4016 -2.4016 0.2835, 2.4067 -2.4016 0.2828, 2.4114 -2.4016 0.2808, 2.4155 -2.4016 0.2777, 2.4186 -2.4016 0.2736, 2.4206 -2.4016 0.2689, 2.4213 -2.4016 0.2638, 2.4213 -2.4016 0.0079, 2.4206 -2.4067 0.2638, 2.4206 -2.4067 0.0079, 2.4186 -2.4114 0.2638, 2.4186 -2.4114 0.0079, 2.4155 -2.4155 0.2638, 2.4155 -2.4155 0.0079, 2.4114 -2.4186 0.2638, 2.4114 -2.4186 0.0079, 2.4067 -2.4206 0.2638, 2.4067 -2.4206 0.0079, 2.4016 -2.4213 0.2638, 2.4016 -2.4213 0.0079, -2.4016 -2.4206 0.2689, -2.4065 -2.4199 0.2689, -2.4065 -2.4101 0.2808, -2.4041 -2.406 0.2828, -2.4052 -2.4052 0.2828, -2.4065 -2.4029 0.2828, -2.4029 -2.4065 0.2828, -2.4041 -2.4111 0.2808, -2.4052 -2.415 0.2777, -2.4016 -2.4067 0.2828, -2.4085 -2.4085 0.2808, -2.406 -2.4041 0.2828, -2.4101 -2.4065 0.2808, -2.4111 -2.4041 0.2808, -2.4016 -2.4114 0.2808, -2.4016 -2.4155 0.2777, -2.4016 -2.4186 0.2736, -2.4085 -2.4136 0.2777, -2.4114 -2.4114 0.2777, -2.4136 -2.4085 0.2777, -2.415 -2.4052 0.2777, -2.406 -2.418 0.2736, -2.4101 -2.4163 0.2736, -2.4136 -2.4136 0.2736, -2.4163 -2.4101 0.2736, -2.418 -2.406 0.2736, -2.4111 -2.418 0.2689, -2.415 -2.415 0.2689, -2.418 -2.4111 0.2689, -2.4199 -2.4065 0.2689, 2.4199 -2.4065 0.2689, 2.4101 -2.4065 0.2808, 2.406 -2.4041 0.2828, 2.4052 -2.4052 0.2828, 2.4016 -2.4067 0.2828, 2.4029 -2.4065 0.2828, 2.4065 -2.4029 0.2828, 2.4111 -2.4041 0.2808, 2.415 -2.4052 0.2777, 2.4085 -2.4085 0.2808, 2.4041 -2.406 0.2828, 2.4065 -2.4101 0.2808, 2.4041 -2.4111 0.2808, 2.4016 -2.4114 0.2808, 2.4136 -2.4085 0.2777, 2.4114 -2.4114 0.2777, 2.4085 -2.4136 0.2777, 2.4052 -2.415 0.2777, 2.4016 -2.4155 0.2777, 2.418 -2.406 0.2736, 2.4163 -2.4101 0.2736, 2.4136 -2.4136 0.2736, 2.4101 -2.4163 0.2736, 2.406 -2.418 0.2736, 2.4016 -2.4186 0.2736, 2.418 -2.4111 0.2689, 2.415 -2.415 0.2689, 2.4111 -2.418 0.2689, 2.4065 -2.4199 0.2689, 2.4016 -2.4206 0.2689
            ]
        }
        coordIndex [
            0,1,2,-1,0,2,3,-1,3,2,4,-1,3,4,5,-1,5,4,6,-1,5,6,7,-1,7,6,8,-1,7,8,9,-1,9,8,10,-1,9,10,11,-1,11,10,12,-1,11,12,13,-1,14,15,16,-1,14,16,17,-1,17,16,18,-1,17,18,19,-1,19,18,20,-1,19,20,21,-1,21,20,22,-1,21,22,23,-1,23,22,24,-1,23,24,25,-1,25,24,26,-1,25,26,12,-1,27,28,29,-1,27,29,30,-1,30,29,31,-1,30,31,32,-1,32,31,33,-1,32,33,34,-1,34,33,35,-1,34,35,36,-1,36,35,37,-1,36,37,38,-1,38,37,39,-1,38,39,26,-1,1,40,41,-1,42,43,44,-1,14,17,45,-1,44,43,14,-1,46,14,43,-1,46,43,47,-1,47,43,42,-1,47,42,48,-1,49,14,46,-1,50,51,52,-1,52,51,45,-1,52,45,53,-1,53,45,17,-1,53,17,19,-1,49,46,54,-1,54,46,47,-1,54,47,55,-1,55,47,48,-1,55,48,56,-1,57,50,58,-1,58,50,52,-1,58,52,59,-1,59,52,53,-1,59,53,60,-1,60,53,19,-1,60,19,21,-1,61,57,62,-1,62,57,58,-1,62,58,63,-1,63,58,59,-1,63,59,64,-1,64,59,60,-1,64,60,65,-1,65,60,21,-1,65,21,23,-1,40,61,41,-1,41,61,62,-1,41,62,66,-1,66,62,63,-1,66,63,67,-1,67,63,64,-1,67,64,68,-1,68,64,65,-1,68,65,69,-1,69,65,23,-1,69,23,25,-1,1,41,2,-1,2,41,66,-1,2,66,4,-1,4,66,67,-1,4,67,6,-1,6,67,68,-1,6,68,8,-1,8,68,69,-1,8,69,10,-1,10,69,25,-1,10,25,12,-1,51,14,45,-1,40,56,61,-1,61,56,48,-1,61,48,57,-1,57,48,42,-1,57,42,50,-1,50,42,44,-1,50,44,51,-1,51,44,14,-1,26,24,70,-1,71,72,73,-1,15,74,75,-1,73,72,15,-1,76,15,72,-1,76,72,77,-1,77,72,71,-1,77,71,78,-1,16,15,76,-1,79,80,81,-1,81,80,75,-1,81,75,82,-1,82,75,74,-1,82,74,83,-1,16,76,18,-1,18,76,77,-1,18,77,20,-1,20,77,78,-1,20,78,22,-1,84,79,85,-1,85,79,81,-1,85,81,86,-1,86,81,82,-1,86,82,87,-1,87,82,83,-1,87,83,88,-1,89,84,90,-1,90,84,85,-1,90,85,91,-1,91,85,86,-1,91,86,92,-1,92,86,87,-1,92,87,93,-1,93,87,88,-1,93,88,94,-1,24,89,70,-1,70,89,90,-1,70,90,95,-1,95,90,91,-1,95,91,96,-1,96,91,92,-1,96,92,97,-1,97,92,93,-1,97,93,98,-1,98,93,94,-1,98,94,99,-1,26,70,38,-1,38,70,95,-1,38,95,36,-1,36,95,96,-1,36,96,34,-1,34,96,97,-1,34,97,32,-1,32,97,98,-1,32,98,30,-1,30,98,99,-1,30,99,27,-1,80,15,75,-1,24,22,89,-1,89,22,78,-1,89,78,84,-1,84,78,71,-1,84,71,79,-1,79,71,73,-1,79,73,80,-1,80,73,15,-1,100,101,102,-1,100,102,103,-1,103,102,104,-1,103,104,105,-1,105,104,106,-1,105,106,107,-1,107,106,108,-1,107,108,109,-1,109,108,110,-1,109,110,111,-1,111,110,112,-1,111,112,113,-1,114,14,49,-1,114,49,115,-1,115,49,54,-1,115,54,116,-1,116,54,55,-1,116,55,117,-1,117,55,56,-1,117,56,118,-1,118,56,40,-1,118,40,119,-1,119,40,1,-1,119,1,100,-1,15,120,121,-1,15,121,74,-1,74,121,122,-1,74,122,83,-1,83,122,123,-1,83,123,88,-1,88,123,124,-1,88,124,94,-1,94,124,125,-1,94,125,99,-1,99,125,126,-1,99,126,27,-1,127,126,128,-1,127,128,129,-1,129,128,130,-1,129,130,131,-1,131,130,132,-1,131,132,133,-1,133,132,134,-1,133,134,135,-1,135,134,136,-1,135,136,137,-1,137,136,138,-1,137,138,139,-1,113,140,141,-1,142,143,144,-1,114,115,145,-1,144,143,114,-1,146,114,143,-1,146,143,147,-1,147,143,142,-1,147,142,148,-1,149,114,146,-1,150,151,152,-1,152,151,145,-1,152,145,153,-1,153,145,115,-1,153,115,116,-1,149,146,154,-1,154,146,147,-1,154,147,155,-1,155,147,148,-1,155,148,156,-1,157,150,158,-1,158,150,152,-1,158,152,159,-1,159,152,153,-1,159,153,160,-1,160,153,116,-1,160,116,117,-1,161,157,162,-1,162,157,158,-1,162,158,163,-1,163,158,159,-1,163,159,164,-1,164,159,160,-1,164,160,165,-1,165,160,117,-1,165,117,118,-1,140,161,141,-1,141,161,162,-1,141,162,166,-1,166,162,163,-1,166,163,167,-1,167,163,164,-1,167,164,168,-1,168,164,165,-1,168,165,169,-1,169,165,118,-1,169,118,119,-1,113,141,111,-1,111,141,166,-1,111,166,109,-1,109,166,167,-1,109,167,107,-1,107,167,168,-1,107,168,105,-1,105,168,169,-1,105,169,103,-1,103,169,119,-1,103,119,100,-1,151,114,145,-1,140,156,161,-1,161,156,148,-1,161,148,157,-1,157,148,142,-1,157,142,150,-1,150,142,144,-1,150,144,151,-1,151,144,114,-1,126,125,170,-1,171,172,173,-1,120,174,175,-1,173,172,120,-1,176,120,172,-1,176,172,177,-1,177,172,171,-1,177,171,178,-1,121,120,176,-1,179,180,181,-1,181,180,175,-1,181,175,182,-1,182,175,174,-1,182,174,183,-1,121,176,122,-1,122,176,177,-1,122,177,123,-1,123,177,178,-1,123,178,124,-1,184,179,185,-1,185,179,181,-1,185,181,186,-1,186,181,182,-1,186,182,187,-1,187,182,183,-1,187,183,188,-1,189,184,190,-1,190,184,185,-1,190,185,191,-1,191,185,186,-1,191,186,192,-1,192,186,187,-1,192,187,193,-1,193,187,188,-1,193,188,194,-1,125,189,170,-1,170,189,190,-1,170,190,195,-1,195,190,191,-1,195,191,196,-1,196,191,192,-1,196,192,197,-1,197,192,193,-1,197,193,198,-1,198,193,194,-1,198,194,199,-1,126,170,128,-1,128,170,195,-1,128,195,130,-1,130,195,196,-1,130,196,132,-1,132,196,197,-1,132,197,134,-1,134,197,198,-1,134,198,136,-1,136,198,199,-1,136,199,138,-1,180,120,175,-1,125,124,189,-1,189,124,178,-1,189,178,184,-1,184,178,171,-1,184,171,179,-1,179,171,173,-1,179,173,180,-1,180,173,120,-1,120,114,149,-1,120,149,174,-1,174,149,154,-1,174,154,183,-1,183,154,155,-1,183,155,188,-1,188,155,156,-1,188,156,194,-1,194,156,140,-1,194,140,199,-1,199,140,113,-1,199,113,138,-1,
        ]
    }
}
Shape{
    appearance Appearance {
        material  Material 	{
            diffuseColor 1.0 1.0 1.0
            specularColor 0.5019607843137255 0.5019607843137255 0.5019607843137255
            ambientIntensity 1.0
            transparency 0.0
            shininess 0.5
        }
    }
    geometry IndexedFaceSet {
        ccw TRUE
        solid FALSE
        coord DEF co Coordinate {
            point [
                -2.349 2.2126 0.2874, -2.3442 2.176 0.2835, -2.3442 2.176 0.2874, -2.33 2.1419 0.2835, -2.33 2.1419 0.2874, -2.3179 2.1262 0.2835, -2.3076 2.1127 0.2874, -2.3076 2.1127 0.2835, -2.2783 2.0902 0.2874, -2.2838 2.0944 0.2835, -2.2783 2.0902 0.2835, -2.2443 2.0761 0.2835, -2.2443 2.0761 0.2874, -2.2077 2.0713 0.2835, -2.2077 2.0713 0.2874, -2.1711 2.0761 0.2835, -2.1711 2.0761 0.2874, -2.1371 2.0902 0.2835, -2.1371 2.0902 0.2874, -2.1316 2.0944 0.2835, -2.1078 2.1127 0.2874, -2.1078 2.1127 0.2835, -2.0975 2.1262 0.2835, -2.0854 2.1419 0.2874, -2.0854 2.1419 0.2835, -2.0713 2.176 0.2835, -2.0713 2.176 0.2874, -2.0664 2.2126 0.2835, -2.0664 2.2126 0.2874, -2.0687 2.2297 0.2835, -2.0713 2.2491 0.2874, -2.0713 2.2491 0.2835, -2.0729 2.2532 0.2835, -2.0854 2.2832 0.2874, -2.0854 2.2832 0.2835, -2.1078 2.3125 0.2835, -2.1078 2.3125 0.2874, -2.1367 2.3346 0.2835, -2.1371 2.3349 0.2874, -2.1371 2.3349 0.2835, -2.1711 2.349 0.2835, -2.1711 2.349 0.2874, -2.2077 2.3538 0.2835, -2.2077 2.3538 0.2874, -2.2443 2.349 0.2835, -2.2443 2.349 0.2874, -2.2783 2.3349 0.2835, -2.2783 2.3349 0.2874, -2.2787 2.3346 0.2835, -2.3076 2.3125 0.2874, -2.3076 2.3125 0.2835, -2.33 2.2832 0.2835, -2.3425 2.2532 0.2835, -2.3442 2.2491 0.2874, -2.33 2.2832 0.2874, -2.3442 2.2491 0.2835, -2.3467 2.2297 0.2835, -2.349 2.2126 0.2835, -2.2077 2.2126 0.2874, 1.9692 2.263 0.2874, 1.9692 2.2539 0.2874, 1.9692 2.263 0.2835, 1.9692 2.2539 0.2835, 1.9374 2.263 0.2874, 1.9374 2.263 0.2835, 1.9374 2.3339 0.2874, 1.9374 2.3339 0.2835, 1.927 2.3339 0.2874, 1.927 2.3339 0.2835, 1.927 2.2539 0.2874, 1.927 2.2539 0.2835, 2.0103 2.2525 0.2874, 2.0103 2.2525 0.2835, 2.0225 2.2537 0.2874, 2.0174 2.2532 0.2835, 2.0225 2.2537 0.2835, 2.0311 2.2565 0.2835, 2.0311 2.2565 0.2874, 2.0325 2.2572 0.2835, 2.0325 2.2572 0.2874, 2.0325 2.2671 0.2874, 2.0325 2.2671 0.2835, 2.0249 2.2636 0.2835, 2.0249 2.2636 0.2874, 2.0159 2.2619 0.2835, 2.0159 2.2619 0.2874, 2.0118 2.2617 0.2835, 2.0118 2.2617 0.2874, 2.0036 2.2627 0.2835, 2.0036 2.2627 0.2874, 1.9979 2.2649 0.2835, 1.9979 2.2649 0.2874, 1.9927 2.2687 0.2835, 1.9927 2.2687 0.2874, 1.9912 2.2701 0.2835, 1.9912 2.2701 0.2874, 1.9872 2.2759 0.2835, 1.9872 2.2759 0.2874, 1.9846 2.2824 0.2835, 1.9846 2.2824 0.2874, 1.9834 2.2922 0.2835, 1.9834 2.2922 0.2874, 1.9834 2.293 0.2835, 1.9834 2.293 0.2874, 1.9844 2.3028 0.2835, 1.9844 2.3028 0.2874, 1.9869 2.31 0.2835, 1.9869 2.31 0.2874, 1.9906 2.3157 0.2835, 1.9906 2.3157 0.2874, 1.9918 2.3171 0.2835, 1.9918 2.3171 0.2874, 1.9969 2.3213 0.2835, 1.9969 2.3213 0.2874, 2.0032 2.3244 0.2835, 2.0032 2.3244 0.2874, 2.0101 2.3258 0.2835, 2.0101 2.3258 0.2874, 2.0136 2.3259 0.2835, 2.0136 2.3259 0.2874, 2.0228 2.3249 0.2835, 2.0228 2.3249 0.2874, 2.031 2.322 0.2835, 2.031 2.322 0.2874, 2.0325 2.3212 0.2835, 2.0325 2.3212 0.2874, 2.0325 2.332 0.2874, 2.0325 2.332 0.2835, 2.0135 2.3353 0.2835, 2.0135 2.3353 0.2874, 2.0143 2.3353 0.2874, 2.0246 2.3343 0.2835, 2.0246 2.3343 0.2874, 2.0217 2.3346 0.2835, 2.0143 2.3353 0.2835, 2.0036 2.3343 0.2874, 2.0069 2.3346 0.2835, 2.0036 2.3343 0.2835, 1.9949 2.3313 0.2835, 1.9949 2.3313 0.2874, 1.9869 2.3261 0.2835, 1.9869 2.3261 0.2874, 1.9841 2.3235 0.2835, 1.9841 2.3235 0.2874, 1.9786 2.3165 0.2835, 1.9761 2.3109 0.2835, 1.9747 2.3077 0.2874, 1.9786 2.3165 0.2874, 1.9747 2.3077 0.2835, 1.9727 2.2974 0.2835, 1.9727 2.2974 0.2874, 1.9725 2.2924 0.2835, 1.9725 2.2924 0.2874, 1.974 2.2795 0.2835, 1.9761 2.2742 0.2835, 1.9773 2.2711 0.2874, 1.974 2.2795 0.2874, 1.9773 2.2711 0.2835, 1.982 2.2643 0.2835, 1.982 2.2643 0.2874, 1.9828 2.2634 0.2835, 1.9828 2.2634 0.2874, 2.0053 2.2527 0.2874, 1.9891 2.2581 0.2835, 1.9891 2.2581 0.2874, 1.9967 2.2546 0.2835, 1.9967 2.2546 0.2874, 2.0033 2.2532 0.2835, 2.0053 2.2527 0.2835, 2.0916 2.263 0.2874, 2.0916 2.2539 0.2874, 2.0916 2.263 0.2835, 2.0916 2.2539 0.2835, 2.0588 2.263 0.2835, 2.0588 2.263 0.2874, 2.0805 2.263 0.2835, 2.0588 2.2899 0.2874, 2.0588 2.2899 0.2835, 2.0875 2.2899 0.2874, 2.0805 2.2899 0.2835, 2.0875 2.2899 0.2835, 2.0875 2.2991 0.2874, 2.0875 2.2991 0.2835, 2.0588 2.2991 0.2835, 2.0588 2.2991 0.2874, 2.0805 2.2991 0.2835, 2.0588 2.3247 0.2874, 2.0588 2.3247 0.2835, 2.0897 2.3247 0.2874, 2.0805 2.3247 0.2835, 2.0897 2.3247 0.2835, 2.0897 2.3339 0.2874, 2.0897 2.3339 0.2835, 2.0485 2.3339 0.2835, 2.0485 2.3339 0.2874, 2.0805 2.3339 0.2835, 2.0485 2.2539 0.2874, 2.0485 2.2539 0.2835, 2.0805 2.2539 0.2835, 2.1548 2.3146 0.2874, 2.1634 2.3197 0.2874, 2.1522 2.3172 0.2874, 2.1598 2.3233 0.2874, 2.1461 2.3212 0.2874, 2.1523 2.3286 0.2874, 2.1391 2.3237 0.2874, 2.1428 2.3323 0.2874, 2.1291 2.3247 0.2874, 2.1295 2.3339 0.2874, 2.117 2.3247 0.2874, 2.1067 2.3339 0.2874, 2.117 2.263 0.2874, 2.1067 2.2539 0.2874, 2.1286 2.263 0.2874, 2.1287 2.2539 0.2874, 2.1385 2.264 0.2874, 2.1421 2.2555 0.2874, 2.1454 2.2664 0.2874, 2.1513 2.259 0.2874, 2.1508 2.2698 0.2874, 2.159 2.2644 0.2874, 2.1525 2.2713 0.2874, 2.1598 2.2651 0.2874, 2.1566 2.2766 0.2874, 2.1655 2.2717 0.2874, 2.1593 2.2826 0.2874, 2.1695 2.2799 0.2874, 2.1608 2.2901 0.2874, 2.1716 2.2892 0.2874, 2.161 2.2946 0.2874, 2.1719 2.2949 0.2874, 2.16 2.304 0.2874, 2.1709 2.3046 0.2874, 2.1578 2.31 0.2874, 2.1681 2.3125 0.2874, 2.1287 2.2539 0.2835, 2.1067 2.2539 0.2835, 2.1421 2.2555 0.2835, 2.1434 2.2559 0.2835, 2.1513 2.259 0.2835, 2.159 2.2644 0.2835, 2.1598 2.2651 0.2835, 2.1655 2.2717 0.2835, 2.1695 2.2799 0.2835, 2.1716 2.2892 0.2835, 2.1719 2.2949 0.2835, 2.1709 2.3046 0.2835, 2.1681 2.3125 0.2835, 2.1634 2.3197 0.2835, 2.1598 2.3233 0.2835, 2.1295 2.3339 0.2835, 2.1523 2.3286 0.2835, 2.1434 2.3321 0.2835, 2.1428 2.3323 0.2835, 2.1067 2.3339 0.2835, 2.1291 2.3247 0.2835, 2.117 2.3247 0.2835, 2.117 2.263 0.2835, 2.1286 2.263 0.2835, 2.1525 2.2713 0.2835, 2.1508 2.2698 0.2835, 2.1454 2.2664 0.2835, 2.1385 2.264 0.2835, 2.161 2.2946 0.2835, 2.1608 2.2901 0.2835, 2.1593 2.2826 0.2835, 2.1566 2.2766 0.2835, 2.1522 2.3172 0.2835, 2.1548 2.3146 0.2835, 2.1578 2.31 0.2835, 2.16 2.304 0.2835, 2.1391 2.3237 0.2835, 2.1461 2.3212 0.2835
            ]
        }
        coordIndex [
            0,1,2,-1,2,1,3,-1,2,3,4,-1,4,3,5,-1,4,5,6,-1,6,5,7,-1,6,7,8,-1,8,7,9,-1,9,10,8,-1,8,10,11,-1,8,11,12,-1,12,11,13,-1,12,13,14,-1,14,13,15,-1,14,15,16,-1,16,15,17,-1,16,17,18,-1,18,17,19,-1,18,19,20,-1,19,21,20,-1,20,21,22,-1,20,22,23,-1,22,24,23,-1,23,24,25,-1,23,25,26,-1,26,25,27,-1,26,27,28,-1,28,27,29,-1,28,29,30,-1,29,31,30,-1,30,31,32,-1,30,32,33,-1,32,34,33,-1,33,34,35,-1,33,35,36,-1,36,35,37,-1,36,37,38,-1,37,39,38,-1,38,39,40,-1,38,40,41,-1,41,40,42,-1,41,42,43,-1,43,42,44,-1,43,44,45,-1,45,44,46,-1,45,46,47,-1,47,46,48,-1,47,48,49,-1,49,48,50,-1,49,50,51,-1,52,53,51,-1,51,53,54,-1,51,54,49,-1,52,55,53,-1,53,55,56,-1,53,56,0,-1,0,56,57,-1,0,57,1,-1,23,26,58,-1,58,26,28,-1,58,28,30,-1,16,18,58,-1,58,18,20,-1,58,20,23,-1,8,12,58,-1,58,12,14,-1,58,14,16,-1,2,4,58,-1,58,4,6,-1,58,6,8,-1,54,53,58,-1,58,53,0,-1,58,0,2,-1,45,47,58,-1,58,47,49,-1,58,49,54,-1,38,41,58,-1,58,41,43,-1,58,43,45,-1,30,33,58,-1,58,33,36,-1,58,36,38,-1,59,60,61,-1,61,60,62,-1,63,59,64,-1,64,59,61,-1,65,63,66,-1,66,63,64,-1,67,65,68,-1,68,65,66,-1,69,67,70,-1,70,67,68,-1,60,69,62,-1,62,69,70,-1,65,67,63,-1,63,67,69,-1,63,69,59,-1,59,69,60,-1,71,72,73,-1,73,72,74,-1,74,75,73,-1,73,75,76,-1,73,76,77,-1,77,76,78,-1,77,78,79,-1,80,79,81,-1,81,79,78,-1,80,81,82,-1,80,82,83,-1,83,82,84,-1,83,84,85,-1,85,84,86,-1,85,86,87,-1,87,86,88,-1,87,88,89,-1,89,88,90,-1,89,90,91,-1,91,90,92,-1,91,92,93,-1,93,92,94,-1,93,94,95,-1,95,94,96,-1,95,96,97,-1,97,96,98,-1,97,98,99,-1,99,98,100,-1,99,100,101,-1,101,100,102,-1,101,102,103,-1,103,102,104,-1,103,104,105,-1,105,104,106,-1,105,106,107,-1,107,106,108,-1,107,108,109,-1,109,108,110,-1,109,110,111,-1,111,110,112,-1,111,112,113,-1,113,112,114,-1,113,114,115,-1,115,114,116,-1,115,116,117,-1,117,116,118,-1,117,118,119,-1,119,118,120,-1,119,120,121,-1,121,120,122,-1,121,122,123,-1,123,122,124,-1,123,124,125,-1,126,125,127,-1,127,125,124,-1,128,129,130,-1,126,127,131,-1,126,131,132,-1,132,131,133,-1,132,133,130,-1,130,133,134,-1,130,134,128,-1,129,128,135,-1,135,128,136,-1,136,137,135,-1,135,137,138,-1,135,138,139,-1,139,138,140,-1,139,140,141,-1,141,140,142,-1,141,142,143,-1,143,142,144,-1,145,146,144,-1,144,146,147,-1,144,147,143,-1,145,148,146,-1,146,148,149,-1,146,149,150,-1,150,149,151,-1,150,151,152,-1,152,151,153,-1,154,155,153,-1,153,155,156,-1,153,156,152,-1,154,157,155,-1,155,157,158,-1,155,158,159,-1,159,158,160,-1,159,160,161,-1,72,71,162,-1,161,160,163,-1,161,163,164,-1,164,163,165,-1,164,165,166,-1,166,165,167,-1,166,167,162,-1,162,167,168,-1,162,168,72,-1,123,125,126,-1,105,107,147,-1,79,80,77,-1,77,80,83,-1,77,83,73,-1,73,83,85,-1,73,85,71,-1,71,85,87,-1,71,87,162,-1,162,87,89,-1,162,89,166,-1,166,89,91,-1,166,91,164,-1,164,91,93,-1,164,93,161,-1,161,93,95,-1,161,95,159,-1,159,95,97,-1,159,97,155,-1,155,97,156,-1,156,97,99,-1,156,99,152,-1,147,107,143,-1,123,126,121,-1,121,126,132,-1,121,132,119,-1,119,132,130,-1,119,130,117,-1,117,130,129,-1,117,129,115,-1,115,129,135,-1,115,135,113,-1,135,139,113,-1,113,139,141,-1,113,141,111,-1,111,141,143,-1,111,143,109,-1,109,143,107,-1,99,101,152,-1,152,101,103,-1,152,103,150,-1,150,103,105,-1,150,105,146,-1,146,105,147,-1,169,170,171,-1,171,170,172,-1,173,174,175,-1,175,174,169,-1,175,169,171,-1,176,174,177,-1,177,174,173,-1,176,177,178,-1,178,177,179,-1,178,179,180,-1,181,178,182,-1,182,178,180,-1,183,184,185,-1,185,184,181,-1,185,181,182,-1,186,184,187,-1,187,184,183,-1,186,187,188,-1,188,187,189,-1,188,189,190,-1,191,188,192,-1,192,188,190,-1,193,194,195,-1,195,194,191,-1,195,191,192,-1,196,194,197,-1,197,194,193,-1,196,197,170,-1,170,197,198,-1,170,198,172,-1,196,170,169,-1,169,174,196,-1,196,174,176,-1,196,176,194,-1,188,191,186,-1,186,191,194,-1,186,194,184,-1,184,194,176,-1,184,176,181,-1,181,176,178,-1,199,200,201,-1,201,200,202,-1,201,202,203,-1,203,202,204,-1,203,204,205,-1,205,204,206,-1,205,206,207,-1,207,206,208,-1,207,208,209,-1,209,208,210,-1,209,210,211,-1,211,210,212,-1,211,212,213,-1,213,212,214,-1,213,214,215,-1,215,214,216,-1,215,216,217,-1,217,216,218,-1,217,218,219,-1,219,218,220,-1,219,220,221,-1,221,220,222,-1,221,222,223,-1,223,222,224,-1,223,224,225,-1,225,224,226,-1,225,226,227,-1,227,226,228,-1,227,228,229,-1,229,228,230,-1,229,230,231,-1,231,230,232,-1,231,232,233,-1,233,232,234,-1,233,234,199,-1,199,234,200,-1,214,212,235,-1,235,212,236,-1,214,235,237,-1,214,237,216,-1,216,237,238,-1,216,238,218,-1,238,239,218,-1,218,239,240,-1,218,240,220,-1,220,240,241,-1,220,241,222,-1,222,241,242,-1,222,242,224,-1,224,242,243,-1,224,243,226,-1,226,243,244,-1,226,244,228,-1,228,244,245,-1,228,245,230,-1,230,245,246,-1,230,246,232,-1,232,246,247,-1,232,247,234,-1,234,247,248,-1,234,248,200,-1,200,248,249,-1,200,249,202,-1,250,208,206,-1,202,249,251,-1,202,251,204,-1,204,251,252,-1,204,252,206,-1,206,252,253,-1,206,253,250,-1,210,208,254,-1,254,208,250,-1,212,210,236,-1,236,210,254,-1,207,209,255,-1,255,209,256,-1,209,211,256,-1,256,211,257,-1,211,213,257,-1,257,213,258,-1,221,259,260,-1,221,260,219,-1,219,260,261,-1,219,261,217,-1,217,261,262,-1,217,262,215,-1,215,262,258,-1,215,258,213,-1,229,263,264,-1,229,264,227,-1,227,264,265,-1,227,265,225,-1,225,265,266,-1,225,266,223,-1,223,266,259,-1,223,259,221,-1,201,267,268,-1,201,268,199,-1,199,268,269,-1,199,269,233,-1,233,269,270,-1,233,270,231,-1,231,270,263,-1,231,263,229,-1,207,255,271,-1,207,271,205,-1,205,271,272,-1,205,272,203,-1,203,272,267,-1,203,267,201,-1,
        ]
    }
}
Shape{
    appearance Appearance {
        material  Material 	{
            diffuseColor 0.2980392156862745 0.2980392156862745 0.2980392156862745
            specularColor 0.14901960784313725 0.14901960784313725 0.14901960784313725
            ambientIntensity 0.298
            transparency 0.0
            shininess 0.5
        }
    }
    geometry IndexedFaceSet {
        ccw TRUE
        solid FALSE
        coord DEF co Coordinate {
            point [
                2.117 2.3247 0.2835, 2.117 2.263 0.2835, 2.1291 2.3247 0.2835, 2.1286 2.263 0.2835, 2.1385 2.264 0.2835, 2.1454 2.2664 0.2835, 2.1508 2.2698 0.2835, 2.1525 2.2713 0.2835, 2.1566 2.2766 0.2835, 2.1593 2.2826 0.2835, 2.1608 2.2901 0.2835, 2.161 2.2946 0.2835, 2.16 2.304 0.2835, 2.1578 2.31 0.2835, 2.1548 2.3146 0.2835, 2.1522 2.3172 0.2835, 2.1391 2.3237 0.2835, 2.1461 2.3212 0.2835
            ]
        }
        coordIndex [
            0,1,2,-1,2,1,3,-1,2,3,4,-1,4,5,2,-1,2,5,6,-1,2,6,7,-1,7,8,2,-1,2,8,9,-1,2,9,10,-1,10,11,2,-1,2,11,12,-1,2,12,13,-1,13,14,2,-1,2,14,15,-1,2,15,16,-1,16,15,17,-1,
        ]
    }
}
Shape{
    appearance Appearance {
        material  Material 	{
            diffuseColor 1.0 1.0 1.0
            specularColor 0.5019607843137255 0.5019607843137255 0.5019607843137255
            ambientIntensity 1.0
            transparency 0.0
            shininess 0.5
        }
    }
    geometry IndexedFaceSet {
        ccw TRUE
        solid FALSE
        coord DEF co Coordinate {
            point [
                2.1987 2.2848 0.2874, 2.1954 2.2758 0.2874, 2.2256 2.2848 0.2874, 2.2288 2.2758 0.2874, 2.2107 2.3181 0.2874, 2.2068 2.3339 0.2874, 2.1763 2.2539 0.2874, 2.1877 2.2539 0.2874, 2.2114 2.3205 0.2874, 2.212 2.3237 0.2874, 2.2179 2.3339 0.2874, 2.2122 2.3237 0.2874, 2.2129 2.3203 0.2874, 2.2135 2.3181 0.2874, 2.2484 2.2539 0.2874, 2.2369 2.2539 0.2874, 2.2179 2.3339 0.2835, 2.2484 2.2539 0.2835, 2.2068 2.3339 0.2835, 2.1763 2.2539 0.2835, 2.1994 2.3144 0.2835, 2.1877 2.2539 0.2835, 2.1954 2.2758 0.2835, 2.2288 2.2758 0.2835, 2.1994 2.2758 0.2835, 2.2369 2.2539 0.2835, 2.1987 2.2848 0.2835, 2.2256 2.2848 0.2835, 2.2135 2.3181 0.2835, 2.2122 2.3237 0.2835, 2.2129 2.3203 0.2835, 2.212 2.3237 0.2835, 2.2107 2.3181 0.2835, 2.2114 2.3205 0.2835
            ]
        }
        coordIndex [
            0,1,2,-1,2,1,3,-1,4,5,0,-1,0,5,6,-1,0,6,1,-1,1,6,7,-1,4,8,5,-1,5,8,9,-1,5,9,10,-1,10,9,11,-1,10,11,12,-1,12,13,10,-1,10,13,2,-1,10,2,14,-1,14,2,3,-1,14,3,15,-1,10,14,16,-1,16,14,17,-1,5,10,18,-1,18,10,16,-1,19,6,20,-1,20,6,5,-1,20,5,18,-1,7,6,21,-1,21,6,19,-1,1,7,22,-1,22,7,21,-1,23,3,24,-1,24,3,1,-1,24,1,22,-1,15,3,25,-1,25,3,23,-1,14,15,17,-1,17,15,25,-1,0,2,26,-1,26,2,27,-1,2,13,27,-1,27,13,28,-1,11,29,30,-1,11,30,12,-1,12,30,28,-1,12,28,13,-1,11,9,29,-1,29,9,31,-1,4,32,33,-1,4,33,8,-1,8,33,31,-1,8,31,9,-1,4,0,32,-1,32,0,26,-1,
        ]
    }
}
Shape{
    appearance Appearance {
        material  Material 	{
            diffuseColor 0.2980392156862745 0.2980392156862745 0.2980392156862745
            specularColor 0.14901960784313725 0.14901960784313725 0.14901960784313725
            ambientIntensity 0.298
            transparency 0.0
            shininess 0.5
        }
    }
    geometry IndexedFaceSet {
        ccw TRUE
        solid FALSE
        coord DEF co Coordinate {
            point [
                2.2122 2.3237 0.2835, 2.212 2.3237 0.2835, 2.2129 2.3203 0.2835, 2.2114 2.3205 0.2835, 2.2135 2.3181 0.2835, 2.2107 2.3181 0.2835, 2.2256 2.2848 0.2835, 2.1987 2.2848 0.2835
            ]
        }
        coordIndex [
            0,1,2,-1,2,1,3,-1,2,3,4,-1,4,3,5,-1,4,5,6,-1,6,5,7,-1,
        ]
    }
}
Shape{
    appearance Appearance {
        material  Material 	{
            diffuseColor 1.0 1.0 1.0
            specularColor 0.5019607843137255 0.5019607843137255 0.5019607843137255
            ambientIntensity 1.0
            transparency 0.0
            shininess 0.5
        }
    }
    geometry IndexedFaceSet {
        ccw TRUE
        solid FALSE
        coord DEF co Coordinate {
            point [
                1.9701 2.136 0.2874, 1.9701 2.1268 0.2874, 1.9701 2.136 0.2835, 1.9701 2.1268 0.2835, 1.9374 2.136 0.2874, 1.9374 2.136 0.2835, 1.9374 2.1629 0.2874, 1.9374 2.1629 0.2835, 1.966 2.1629 0.2874, 1.966 2.1629 0.2835, 1.966 2.1721 0.2874, 1.966 2.1721 0.2835, 1.9374 2.1721 0.2874, 1.9374 2.1721 0.2835, 1.9374 2.1977 0.2874, 1.9374 2.1977 0.2835, 1.9683 2.1977 0.2874, 1.9683 2.1977 0.2835, 1.9683 2.2069 0.2874, 1.9683 2.2069 0.2835, 1.927 2.2069 0.2874, 1.927 2.2069 0.2835, 1.927 2.1268 0.2874, 1.927 2.1268 0.2835, 2.0156 2.1268 0.2874, 2.0256 2.1268 0.2874, 2.0156 2.1357 0.2874, 2.0256 2.1636 0.2874, 2.0156 2.1632 0.2874, 1.994 2.1513 0.2874, 1.9964 2.1524 0.2874, 2.0153 2.1357 0.2874, 2.01 2.1371 0.2874, 2.0138 2.1333 0.2874, 2.0072 2.1352 0.2874, 2.0022 2.1537 0.2874, 2.0156 2.1555 0.2874, 2.0156 2.15 0.2874, 2.0156 2.1494 0.2874, 2.0149 2.1449 0.2874, 2.0135 2.1413 0.2874, 2.0113 2.1384 0.2874, 2.0153 2.1676 0.2874, 2.0248 2.1714 0.2874, 2.0142 2.1712 0.2874, 2.0232 2.1759 0.2874, 2.013 2.1733 0.2874, 2.0212 2.1791 0.2874, 2.0115 2.1749 0.2874, 2.0185 2.1816 0.2874, 2.0097 2.176 0.2874, 2.0152 2.1835 0.2874, 2.0074 2.1768 0.2874, 2.0109 2.1848 0.2874, 2.004 2.1772 0.2874, 2.005 2.1853 0.2874, 1.9986 2.1767 0.2874, 1.9957 2.1843 0.2874, 1.9923 2.1746 0.2874, 1.9881 2.1816 0.2874, 1.9853 2.1703 0.2874, 1.9853 2.18 0.2874, 1.9919 2.1371 0.2874, 1.9846 2.13 0.2874, 1.9928 2.1363 0.2874, 1.988 2.1276 0.2874, 1.9948 2.1349 0.2874, 1.9918 2.1262 0.2874, 1.997 2.1341 0.2874, 1.9978 2.1255 0.2874, 2.0004 2.1337 0.2874, 2.003 2.1261 0.2874, 2.0042 2.1341 0.2874, 2.0071 2.1275 0.2874, 2.0106 2.1299 0.2874, 1.9899 2.1446 0.2874, 1.9797 2.1433 0.2874, 1.9899 2.143 0.2874, 1.9797 2.1421 0.2874, 1.9901 2.1407 0.2874, 1.9802 2.1376 0.2874, 1.9908 2.1388 0.2874, 1.9814 2.1342 0.2874, 1.9835 2.1311 0.2874, 1.9987 2.1608 0.2874, 1.991 2.1589 0.2874, 1.9925 2.1502 0.2874, 1.9868 2.1567 0.2874, 1.9913 2.1487 0.2874, 1.9837 2.1541 0.2874, 1.9904 2.1468 0.2874, 1.9817 2.1512 0.2874, 1.9803 2.1477 0.2874, 2.005 2.1853 0.2835, 1.9957 2.1843 0.2835, 1.9881 2.1816 0.2835, 1.9853 2.18 0.2835, 1.9853 2.1703 0.2835, 1.9923 2.1746 0.2835, 1.9986 2.1767 0.2835, 2.004 2.1772 0.2835, 2.0074 2.1768 0.2835, 2.0097 2.176 0.2835, 2.0115 2.1749 0.2835, 2.013 2.1733 0.2835, 2.0142 2.1712 0.2835, 2.0153 2.1676 0.2835, 2.0156 2.1632 0.2835, 1.9987 2.1608 0.2835, 1.991 2.1589 0.2835, 1.9868 2.1567 0.2835, 1.9837 2.1541 0.2835, 1.9817 2.1512 0.2835, 1.9803 2.1477 0.2835, 1.9797 2.1433 0.2835, 1.9797 2.1421 0.2835, 1.9802 2.1376 0.2835, 1.9814 2.1342 0.2835, 1.9835 2.1311 0.2835, 1.9846 2.13 0.2835, 1.9978 2.1255 0.2835, 1.992 2.1262 0.2835, 1.9918 2.1262 0.2835, 1.988 2.1276 0.2835, 2.003 2.1261 0.2835, 2.0033 2.1262 0.2835, 2.0071 2.1275 0.2835, 2.0106 2.1299 0.2835, 2.0138 2.1333 0.2835, 2.0153 2.1357 0.2835, 2.0156 2.1357 0.2835, 2.0156 2.1268 0.2835, 2.0256 2.1268 0.2835, 2.0256 2.1636 0.2835, 2.0248 2.1714 0.2835, 2.0232 2.1759 0.2835, 2.0212 2.1791 0.2835, 2.0185 2.1816 0.2835, 2.0152 2.1835 0.2835, 2.0109 2.1848 0.2835, 1.9925 2.1502 0.2835, 1.994 2.1513 0.2835, 1.9964 2.1524 0.2835, 2.0022 2.1537 0.2835, 1.9899 2.143 0.2835, 1.9899 2.1446 0.2835, 1.9904 2.1468 0.2835, 1.9913 2.1487 0.2835, 1.9928 2.1363 0.2835, 1.9919 2.1371 0.2835, 1.9908 2.1388 0.2835, 1.9901 2.1407 0.2835, 2.0004 2.1337 0.2835, 1.997 2.1341 0.2835, 1.9948 2.1349 0.2835, 2.0113 2.1384 0.2835, 2.01 2.1371 0.2835, 2.0072 2.1352 0.2835, 2.0042 2.1341 0.2835, 2.0156 2.15 0.2835, 2.0156 2.1494 0.2835, 2.0149 2.1449 0.2835, 2.0135 2.1413 0.2835, 2.0156 2.1555 0.2835
            ]
        }
        coordIndex [
            0,1,2,-1,2,1,3,-1,4,0,5,-1,5,0,2,-1,6,4,7,-1,7,4,5,-1,8,6,9,-1,9,6,7,-1,10,8,11,-1,11,8,9,-1,12,10,13,-1,13,10,11,-1,14,12,15,-1,15,12,13,-1,16,14,17,-1,17,14,15,-1,18,16,19,-1,19,16,17,-1,20,18,21,-1,21,18,19,-1,22,20,23,-1,23,20,21,-1,1,22,3,-1,3,22,23,-1,22,1,0,-1,0,4,22,-1,22,4,6,-1,22,6,20,-1,16,18,14,-1,14,18,20,-1,14,20,12,-1,12,20,6,-1,12,6,10,-1,10,6,8,-1,24,25,26,-1,26,25,27,-1,28,29,30,-1,31,32,33,-1,33,32,34,-1,35,36,27,-1,27,36,37,-1,37,38,27,-1,27,38,39,-1,27,39,26,-1,26,39,40,-1,26,40,31,-1,31,40,41,-1,31,41,32,-1,30,35,28,-1,28,35,27,-1,28,27,42,-1,42,27,43,-1,42,43,44,-1,44,43,45,-1,44,45,46,-1,46,45,47,-1,46,47,48,-1,48,47,49,-1,48,49,50,-1,50,49,51,-1,50,51,52,-1,52,51,53,-1,52,53,54,-1,54,53,55,-1,54,55,56,-1,56,55,57,-1,56,57,58,-1,58,57,59,-1,58,59,60,-1,60,59,61,-1,62,63,64,-1,64,63,65,-1,64,65,66,-1,66,65,67,-1,66,67,68,-1,68,67,69,-1,68,69,70,-1,70,69,71,-1,70,71,72,-1,72,71,73,-1,72,73,34,-1,34,73,74,-1,34,74,33,-1,75,76,77,-1,77,76,78,-1,77,78,79,-1,79,78,80,-1,79,80,81,-1,81,80,82,-1,81,82,62,-1,62,82,83,-1,62,83,63,-1,28,84,29,-1,29,84,85,-1,29,85,86,-1,86,85,87,-1,86,87,88,-1,88,87,89,-1,88,89,90,-1,90,89,91,-1,90,91,75,-1,75,91,92,-1,75,92,76,-1,55,93,94,-1,55,94,57,-1,57,94,95,-1,57,95,59,-1,59,95,96,-1,59,96,61,-1,60,61,97,-1,97,61,96,-1,60,97,98,-1,60,98,58,-1,58,98,99,-1,58,99,56,-1,56,99,100,-1,56,100,54,-1,54,100,101,-1,54,101,52,-1,52,101,102,-1,52,102,50,-1,50,102,103,-1,50,103,48,-1,48,103,104,-1,48,104,46,-1,46,104,105,-1,46,105,44,-1,44,105,106,-1,44,106,42,-1,42,106,107,-1,42,107,28,-1,84,28,108,-1,108,28,107,-1,84,108,109,-1,84,109,85,-1,85,109,110,-1,85,110,87,-1,87,110,111,-1,87,111,89,-1,89,111,112,-1,89,112,91,-1,91,112,113,-1,91,113,92,-1,92,113,114,-1,92,114,76,-1,76,114,115,-1,76,115,78,-1,78,115,116,-1,78,116,80,-1,80,116,117,-1,80,117,82,-1,82,117,118,-1,82,118,83,-1,83,118,119,-1,83,119,63,-1,120,69,121,-1,121,69,67,-1,121,67,122,-1,122,67,65,-1,122,65,123,-1,123,65,63,-1,123,63,119,-1,69,120,124,-1,69,124,71,-1,71,124,125,-1,71,125,73,-1,125,126,73,-1,73,126,127,-1,73,127,74,-1,74,127,128,-1,74,128,33,-1,33,128,129,-1,33,129,31,-1,26,31,130,-1,130,31,129,-1,24,26,131,-1,131,26,130,-1,25,24,132,-1,132,24,131,-1,27,25,133,-1,133,25,132,-1,27,133,134,-1,27,134,43,-1,43,134,135,-1,43,135,45,-1,45,135,136,-1,45,136,47,-1,47,136,137,-1,47,137,49,-1,49,137,138,-1,49,138,51,-1,51,138,139,-1,51,139,53,-1,53,139,93,-1,53,93,55,-1,86,140,141,-1,86,141,29,-1,29,141,142,-1,29,142,30,-1,30,142,143,-1,30,143,35,-1,77,144,145,-1,77,145,75,-1,75,145,146,-1,75,146,90,-1,90,146,147,-1,90,147,88,-1,88,147,140,-1,88,140,86,-1,64,148,149,-1,64,149,62,-1,62,149,150,-1,62,150,81,-1,81,150,151,-1,81,151,79,-1,79,151,144,-1,79,144,77,-1,70,152,153,-1,70,153,68,-1,68,153,154,-1,68,154,66,-1,66,154,148,-1,66,148,64,-1,41,155,156,-1,41,156,32,-1,32,156,157,-1,32,157,34,-1,34,157,158,-1,34,158,72,-1,72,158,152,-1,72,152,70,-1,37,159,160,-1,37,160,38,-1,38,160,161,-1,38,161,39,-1,39,161,162,-1,39,162,40,-1,40,162,155,-1,40,155,41,-1,37,36,159,-1,159,36,163,-1,36,35,163,-1,163,35,143,-1,
        ]
    }
}
Shape{
    appearance Appearance {
        material  Material 	{
            diffuseColor 0.2980392156862745 0.2980392156862745 0.2980392156862745
            specularColor 0.14901960784313725 0.14901960784313725 0.14901960784313725
            ambientIntensity 0.298
            transparency 0.0
            shininess 0.5
        }
    }
    geometry IndexedFaceSet {
        ccw TRUE
        solid FALSE
        coord DEF co Coordinate {
            point [
                2.0156 2.1555 0.2835, 2.0022 2.1537 0.2835, 2.0156 2.15 0.2835, 1.9964 2.1524 0.2835, 1.994 2.1513 0.2835, 1.9925 2.1502 0.2835, 2.0156 2.1494 0.2835, 2.0149 2.1449 0.2835, 1.9913 2.1487 0.2835, 2.0135 2.1413 0.2835, 1.9919 2.1371 0.2835, 1.9928 2.1363 0.2835, 2.01 2.1371 0.2835, 1.9908 2.1388 0.2835, 2.0072 2.1352 0.2835, 2.0042 2.1341 0.2835, 2.0004 2.1337 0.2835, 1.9904 2.1468 0.2835, 1.9899 2.1446 0.2835, 2.0113 2.1384 0.2835, 1.9899 2.143 0.2835, 1.9901 2.1407 0.2835, 1.9948 2.1349 0.2835, 1.997 2.1341 0.2835
            ]
        }
        coordIndex [
            0,1,2,-1,2,1,3,-1,3,4,2,-1,2,4,5,-1,2,5,6,-1,6,5,7,-1,7,5,8,-1,7,8,9,-1,10,11,12,-1,10,12,13,-1,14,12,15,-1,15,12,16,-1,8,17,9,-1,9,17,18,-1,9,18,19,-1,19,18,20,-1,19,20,12,-1,12,20,21,-1,12,21,13,-1,11,22,12,-1,12,22,23,-1,12,23,16,-1,
        ]
    }
}
Shape{
    appearance Appearance {
        material  Material 	{
            diffuseColor 1.0 1.0 1.0
            specularColor 0.5019607843137255 0.5019607843137255 0.5019607843137255
            ambientIntensity 1.0
            transparency 0.0
            shininess 0.5
        }
    }
    geometry IndexedFaceSet {
        ccw TRUE
        solid FALSE
        coord DEF co Coordinate {
            point [
                2.0392 2.1392 0.2835, 2.0392 2.1392 0.2874, 2.0431 2.1368 0.2874, 2.0557 2.1337 0.2874, 2.0557 2.1337 0.2835, 2.0494 2.1344 0.2835, 2.0494 2.1344 0.2874, 2.0439 2.1365 0.2835, 2.0431 2.1368 0.2835, 2.0392 2.1288 0.2874, 2.0392 2.1288 0.2835, 2.0464 2.1263 0.2874, 2.0439 2.1272 0.2835, 2.0547 2.1255 0.2835, 2.0547 2.1255 0.2874, 2.0481 2.1262 0.2835, 2.0464 2.1263 0.2835, 2.0635 2.1265 0.2874, 2.0606 2.1262 0.2835, 2.0635 2.1265 0.2835, 2.0689 2.1285 0.2835, 2.0689 2.1285 0.2874, 2.0714 2.13 0.2835, 2.0714 2.13 0.2874, 2.0743 2.1325 0.2835, 2.0743 2.1325 0.2874, 2.0761 2.1352 0.2835, 2.0761 2.1352 0.2874, 2.0774 2.1384 0.2835, 2.0774 2.1384 0.2874, 2.0778 2.1424 0.2835, 2.0778 2.1424 0.2874, 2.0774 2.1461 0.2835, 2.0774 2.1461 0.2874, 2.0764 2.1491 0.2835, 2.0764 2.1491 0.2874, 2.0745 2.1518 0.2835, 2.0745 2.1518 0.2874, 2.0721 2.154 0.2835, 2.0721 2.154 0.2874, 2.0654 2.1577 0.2835, 2.0654 2.1577 0.2874, 2.0616 2.1593 0.2835, 2.0616 2.1593 0.2874, 2.0553 2.162 0.2835, 2.0553 2.162 0.2874, 2.0518 2.1642 0.2835, 2.0518 2.1642 0.2874, 2.0508 2.1652 0.2835, 2.0508 2.1652 0.2874, 2.0501 2.1666 0.2835, 2.0501 2.1666 0.2874, 2.0497 2.1682 0.2835, 2.0497 2.1682 0.2874, 2.0496 2.1695 0.2835, 2.0496 2.1695 0.2874, 2.0498 2.1711 0.2835, 2.0498 2.1711 0.2874, 2.0503 2.1724 0.2835, 2.0503 2.1724 0.2874, 2.0512 2.1737 0.2835, 2.0512 2.1737 0.2874, 2.0527 2.1751 0.2835, 2.0527 2.1751 0.2874, 2.0549 2.1762 0.2835, 2.0549 2.1762 0.2874, 2.0576 2.177 0.2835, 2.0576 2.177 0.2874, 2.0606 2.1772 0.2835, 2.0606 2.1772 0.2874, 2.0672 2.1764 0.2835, 2.0672 2.1764 0.2874, 2.0728 2.1744 0.2835, 2.0728 2.1744 0.2874, 2.0751 2.173 0.2835, 2.0751 2.173 0.2874, 2.0751 2.1828 0.2874, 2.0751 2.1828 0.2835, 2.0674 2.1849 0.2835, 2.0674 2.1849 0.2874, 2.0616 2.1853 0.2835, 2.0616 2.1853 0.2874, 2.0534 2.1843 0.2835, 2.0534 2.1843 0.2874, 2.048 2.1822 0.2835, 2.048 2.1822 0.2874, 2.0457 2.1808 0.2835, 2.0457 2.1808 0.2874, 2.0439 2.1791 0.2835, 2.0427 2.1781 0.2874, 2.0427 2.1781 0.2835, 2.0409 2.1754 0.2835, 2.0409 2.1754 0.2874, 2.0397 2.1722 0.2835, 2.0397 2.1722 0.2874, 2.0393 2.1686 0.2835, 2.0393 2.1686 0.2874, 2.0397 2.1647 0.2835, 2.0397 2.1647 0.2874, 2.0408 2.1616 0.2835, 2.0408 2.1616 0.2874, 2.0421 2.1595 0.2835, 2.0421 2.1595 0.2874, 2.0545 2.152 0.2835, 2.0545 2.152 0.2874, 2.0485 2.1547 0.2874, 2.0438 2.1578 0.2835, 2.0438 2.1578 0.2874, 2.0439 2.1578 0.2835, 2.0485 2.1547 0.2835, 2.0611 2.1492 0.2835, 2.0611 2.1492 0.2874, 2.065 2.1468 0.2835, 2.065 2.1468 0.2874, 2.0662 2.1455 0.2835, 2.0662 2.1455 0.2874, 2.067 2.1442 0.2835, 2.067 2.1442 0.2874, 2.0675 2.1427 0.2835, 2.0675 2.1427 0.2874, 2.0676 2.1414 0.2835, 2.0676 2.1414 0.2874, 2.0673 2.1395 0.2835, 2.0673 2.1395 0.2874, 2.0668 2.1381 0.2835, 2.0668 2.1381 0.2874, 2.066 2.1368 0.2835, 2.066 2.1368 0.2874, 2.0648 2.1357 0.2835, 2.0648 2.1357 0.2874, 2.0639 2.1352 0.2835, 2.0639 2.1352 0.2874, 2.0613 2.1342 0.2835, 2.0613 2.1342 0.2874, 2.0562 2.1337 0.2835, 2.0562 2.1337 0.2874, 2.1276 2.184 0.2874, 2.138 2.184 0.2874, 2.1276 2.184 0.2835, 2.138 2.184 0.2835, 2.1119 2.141 0.2874, 2.1119 2.141 0.2835, 2.1112 2.1383 0.2835, 2.1112 2.1383 0.2874, 2.1107 2.1363 0.2835, 2.1107 2.1363 0.2874, 2.1105 2.1363 0.2874, 2.1105 2.1363 0.2835, 2.1092 2.141 0.2874, 2.1092 2.141 0.2835, 2.0943 2.184 0.2835, 2.0943 2.184 0.2874, 2.0991 2.1701 0.2835, 2.0831 2.184 0.2874, 2.0831 2.184 0.2835, 2.1055 2.127 0.2835, 2.1055 2.127 0.2874, 2.0991 2.1432 0.2835, 2.1011 2.1166 0.2835, 2.1011 2.1166 0.2874, 2.1052 2.1262 0.2835, 2.0991 2.113 0.2835, 2.0991 2.113 0.2874, 2.0991 2.1129 0.2835, 2.0973 2.1109 0.2874, 2.0973 2.1109 0.2835, 2.0954 2.1096 0.2835, 2.0954 2.1096 0.2874, 2.0932 2.1088 0.2835, 2.0932 2.1088 0.2874, 2.0908 2.1085 0.2835, 2.0908 2.1085 0.2874, 2.0872 2.109 0.2835, 2.0872 2.109 0.2874, 2.0851 2.1096 0.2835, 2.0851 2.1096 0.2874, 2.0851 2.1007 0.2874, 2.0851 2.1007 0.2835, 2.0894 2.1 0.2835, 2.0894 2.1 0.2874, 2.0916 2.0999 0.2835, 2.0916 2.0999 0.2874, 2.0957 2.1004 0.2835, 2.0957 2.1004 0.2874, 2.0991 2.1017 0.2835, 2.0996 2.1019 0.2874, 2.0996 2.1019 0.2835, 2.1031 2.1043 0.2835, 2.1031 2.1043 0.2874, 2.1038 2.1049 0.2835, 2.1038 2.1049 0.2874, 2.1075 2.1094 0.2835, 2.1075 2.1094 0.2874, 2.112 2.1182 0.2835, 2.112 2.1182 0.2874, 2.1151 2.1262 0.2835, 2.1918 2.136 0.2874, 2.1918 2.1268 0.2874, 2.1918 2.136 0.2835, 2.1918 2.1268 0.2835, 2.1591 2.136 0.2835, 2.1591 2.136 0.2874, 2.1741 2.136 0.2835, 2.1591 2.1629 0.2874, 2.1591 2.1629 0.2835, 2.1877 2.1629 0.2835, 2.1877 2.1629 0.2874, 2.1741 2.1629 0.2835, 2.1877 2.1721 0.2874, 2.1877 2.1721 0.2835, 2.1591 2.1721 0.2835, 2.1591 2.1721 0.2874, 2.1741 2.1721 0.2835, 2.1591 2.1977 0.2874, 2.1591 2.1977 0.2835, 2.19 2.1977 0.2835, 2.19 2.1977 0.2874, 2.1741 2.1977 0.2835, 2.19 2.2069 0.2874, 2.19 2.2069 0.2835, 2.1488 2.2069 0.2835, 2.1488 2.2069 0.2874, 2.1741 2.2069 0.2835, 2.1488 2.1268 0.2874, 2.1488 2.1268 0.2835, 2.1741 2.1268 0.2835, 2.2551 2.1876 0.2874, 2.2636 2.1927 0.2874, 2.2525 2.1902 0.2874, 2.2601 2.1963 0.2874, 2.2463 2.1942 0.2874, 2.2526 2.2015 0.2874, 2.2393 2.1966 0.2874, 2.2431 2.2053 0.2874, 2.2294 2.1977 0.2874, 2.2298 2.2069 0.2874, 2.2173 2.1977 0.2874, 2.207 2.2069 0.2874, 2.2173 2.136 0.2874, 2.207 2.1268 0.2874, 2.2289 2.136 0.2874, 2.229 2.1268 0.2874, 2.2388 2.137 0.2874, 2.2424 2.1284 0.2874, 2.2457 2.1394 0.2874, 2.2516 2.132 0.2874, 2.2511 2.1428 0.2874, 2.2593 2.1373 0.2874, 2.2527 2.1443 0.2874, 2.2601 2.138 0.2874, 2.2569 2.1496 0.2874, 2.2657 2.1447 0.2874, 2.2596 2.1556 0.2874, 2.2698 2.1529 0.2874, 2.2611 2.1631 0.2874, 2.2718 2.1622 0.2874, 2.2613 2.1676 0.2874, 2.2721 2.1679 0.2874, 2.2603 2.1769 0.2874, 2.2711 2.1776 0.2874, 2.2581 2.183 0.2874, 2.2684 2.1855 0.2874, 2.229 2.1268 0.2835, 2.207 2.1268 0.2835, 2.2424 2.1284 0.2835, 2.2516 2.132 0.2835, 2.2593 2.1373 0.2835, 2.2601 2.138 0.2835, 2.2657 2.1447 0.2835, 2.2698 2.1529 0.2835, 2.2718 2.1622 0.2835, 2.2721 2.1679 0.2835, 2.2711 2.1776 0.2835, 2.2684 2.1855 0.2835, 2.2636 2.1927 0.2835, 2.2601 2.1963 0.2835, 2.2526 2.2015 0.2835, 2.2431 2.2053 0.2835, 2.2298 2.2069 0.2835, 2.207 2.2069 0.2835, 2.2294 2.1977 0.2835, 2.2173 2.1977 0.2835, 2.2173 2.136 0.2835, 2.2289 2.136 0.2835, 2.2527 2.1443 0.2835, 2.2511 2.1428 0.2835, 2.2457 2.1394 0.2835, 2.2388 2.137 0.2835, 2.2613 2.1676 0.2835, 2.2611 2.1631 0.2835, 2.2596 2.1556 0.2835, 2.2569 2.1496 0.2835, 2.2525 2.1902 0.2835, 2.2551 2.1876 0.2835, 2.2581 2.183 0.2835, 2.2603 2.1769 0.2835, 2.2393 2.1966 0.2835, 2.2463 2.1942 0.2835
            ]
        }
        coordIndex [
            0,1,2,-1,3,4,5,-1,3,5,6,-1,6,5,7,-1,6,7,2,-1,2,7,8,-1,2,8,0,-1,9,1,10,-1,10,1,0,-1,9,10,11,-1,11,10,12,-1,13,14,15,-1,15,14,11,-1,15,11,16,-1,16,11,12,-1,14,13,17,-1,17,13,18,-1,18,19,17,-1,17,19,20,-1,17,20,21,-1,21,20,22,-1,21,22,23,-1,23,22,24,-1,23,24,25,-1,25,24,26,-1,25,26,27,-1,27,26,28,-1,27,28,29,-1,29,28,30,-1,29,30,31,-1,31,30,32,-1,31,32,33,-1,33,32,34,-1,33,34,35,-1,35,34,36,-1,35,36,37,-1,37,36,38,-1,37,38,39,-1,39,38,40,-1,39,40,41,-1,41,40,42,-1,41,42,43,-1,43,42,44,-1,43,44,45,-1,45,44,46,-1,45,46,47,-1,47,46,48,-1,47,48,49,-1,49,48,50,-1,49,50,51,-1,51,50,52,-1,51,52,53,-1,53,52,54,-1,53,54,55,-1,55,54,56,-1,55,56,57,-1,57,56,58,-1,57,58,59,-1,59,58,60,-1,59,60,61,-1,61,60,62,-1,61,62,63,-1,63,62,64,-1,63,64,65,-1,65,64,66,-1,65,66,67,-1,67,66,68,-1,67,68,69,-1,69,68,70,-1,69,70,71,-1,71,70,72,-1,71,72,73,-1,73,72,74,-1,73,74,75,-1,76,75,77,-1,77,75,74,-1,76,77,78,-1,76,78,79,-1,79,78,80,-1,79,80,81,-1,81,80,82,-1,81,82,83,-1,83,82,84,-1,83,84,85,-1,85,84,86,-1,85,86,87,-1,86,88,87,-1,87,88,89,-1,88,90,89,-1,89,90,91,-1,89,91,92,-1,92,91,93,-1,92,93,94,-1,94,93,95,-1,94,95,96,-1,96,95,97,-1,96,97,98,-1,98,97,99,-1,98,99,100,-1,100,99,101,-1,100,101,102,-1,103,104,105,-1,102,101,106,-1,102,106,107,-1,107,106,108,-1,107,108,105,-1,105,108,109,-1,105,109,103,-1,104,103,110,-1,104,110,111,-1,111,110,112,-1,111,112,113,-1,113,112,114,-1,113,114,115,-1,115,114,116,-1,115,116,117,-1,117,116,118,-1,117,118,119,-1,119,118,120,-1,119,120,121,-1,121,120,122,-1,121,122,123,-1,123,122,124,-1,123,124,125,-1,125,124,126,-1,125,126,127,-1,127,126,128,-1,127,128,129,-1,129,128,130,-1,129,130,131,-1,131,130,132,-1,131,132,133,-1,133,132,134,-1,133,134,135,-1,135,134,4,-1,135,4,3,-1,61,63,85,-1,85,63,83,-1,111,43,104,-1,104,43,45,-1,21,23,127,-1,127,23,25,-1,127,25,125,-1,125,25,27,-1,125,27,123,-1,123,27,29,-1,123,29,121,-1,121,29,31,-1,121,31,119,-1,119,31,33,-1,119,33,117,-1,117,33,35,-1,117,35,115,-1,115,35,37,-1,115,37,113,-1,113,37,39,-1,113,39,111,-1,111,39,41,-1,111,41,43,-1,14,3,11,-1,11,3,6,-1,11,6,9,-1,9,6,2,-1,9,2,1,-1,63,65,83,-1,83,65,67,-1,83,67,81,-1,81,67,69,-1,81,69,79,-1,79,69,71,-1,79,71,76,-1,76,71,73,-1,76,73,75,-1,127,129,21,-1,21,129,131,-1,21,131,17,-1,17,131,133,-1,17,133,14,-1,14,133,135,-1,14,135,3,-1,85,87,61,-1,61,87,89,-1,61,89,59,-1,59,89,92,-1,59,92,57,-1,57,92,94,-1,57,94,55,-1,55,94,96,-1,55,96,53,-1,53,96,98,-1,53,98,51,-1,51,98,100,-1,51,100,49,-1,49,100,102,-1,49,102,47,-1,47,102,107,-1,47,107,45,-1,45,107,105,-1,45,105,104,-1,136,137,138,-1,138,137,139,-1,140,136,141,-1,141,136,138,-1,140,141,142,-1,140,142,143,-1,143,142,144,-1,143,144,145,-1,146,145,147,-1,147,145,144,-1,148,146,149,-1,149,146,147,-1,150,151,152,-1,152,151,148,-1,152,148,149,-1,153,151,154,-1,154,151,150,-1,155,156,157,-1,157,156,153,-1,157,153,154,-1,158,159,160,-1,160,159,156,-1,160,156,155,-1,159,158,161,-1,159,161,162,-1,162,161,163,-1,162,163,164,-1,163,165,164,-1,164,165,166,-1,164,166,167,-1,167,166,168,-1,167,168,169,-1,169,168,170,-1,169,170,171,-1,171,170,172,-1,171,172,173,-1,173,172,174,-1,173,174,175,-1,176,175,177,-1,177,175,174,-1,176,177,178,-1,176,178,179,-1,179,178,180,-1,179,180,181,-1,181,180,182,-1,181,182,183,-1,183,182,184,-1,183,184,185,-1,184,186,185,-1,185,186,187,-1,185,187,188,-1,188,187,189,-1,188,189,190,-1,190,189,191,-1,190,191,192,-1,192,191,193,-1,192,193,194,-1,139,137,195,-1,195,137,194,-1,195,194,193,-1,143,145,194,-1,137,136,194,-1,194,136,140,-1,194,140,143,-1,151,153,148,-1,148,153,156,-1,148,156,146,-1,192,162,190,-1,190,162,164,-1,175,176,173,-1,173,176,179,-1,173,179,171,-1,171,179,181,-1,171,181,169,-1,169,181,183,-1,169,183,167,-1,167,183,185,-1,167,185,164,-1,164,185,188,-1,164,188,190,-1,145,146,194,-1,194,146,156,-1,194,156,192,-1,192,156,159,-1,192,159,162,-1,196,197,198,-1,198,197,199,-1,200,201,202,-1,202,201,196,-1,202,196,198,-1,203,201,204,-1,204,201,200,-1,205,206,207,-1,207,206,203,-1,207,203,204,-1,208,206,209,-1,209,206,205,-1,210,211,212,-1,212,211,208,-1,212,208,209,-1,213,211,214,-1,214,211,210,-1,215,216,217,-1,217,216,213,-1,217,213,214,-1,218,216,219,-1,219,216,215,-1,220,221,222,-1,222,221,218,-1,222,218,219,-1,223,221,224,-1,224,221,220,-1,199,197,225,-1,225,197,223,-1,225,223,224,-1,223,197,196,-1,196,201,223,-1,223,201,203,-1,223,203,221,-1,216,218,213,-1,213,218,221,-1,213,221,211,-1,211,221,203,-1,211,203,208,-1,208,203,206,-1,226,227,228,-1,228,227,229,-1,228,229,230,-1,230,229,231,-1,230,231,232,-1,232,231,233,-1,232,233,234,-1,234,233,235,-1,234,235,236,-1,236,235,237,-1,236,237,238,-1,238,237,239,-1,238,239,240,-1,240,239,241,-1,240,241,242,-1,242,241,243,-1,242,243,244,-1,244,243,245,-1,244,245,246,-1,246,245,247,-1,246,247,248,-1,248,247,249,-1,248,249,250,-1,250,249,251,-1,250,251,252,-1,252,251,253,-1,252,253,254,-1,254,253,255,-1,254,255,256,-1,256,255,257,-1,256,257,258,-1,258,257,259,-1,258,259,260,-1,260,259,261,-1,260,261,226,-1,226,261,227,-1,241,239,262,-1,262,239,263,-1,241,262,264,-1,241,264,243,-1,243,264,265,-1,243,265,245,-1,245,265,266,-1,245,266,247,-1,247,266,267,-1,247,267,249,-1,249,267,268,-1,249,268,251,-1,251,268,269,-1,251,269,253,-1,253,269,270,-1,253,270,255,-1,255,270,271,-1,255,271,257,-1,257,271,272,-1,257,272,259,-1,259,272,273,-1,259,273,261,-1,261,273,274,-1,261,274,227,-1,227,274,275,-1,227,275,229,-1,229,275,276,-1,229,276,231,-1,231,276,277,-1,231,277,233,-1,233,277,278,-1,233,278,235,-1,237,235,279,-1,279,235,278,-1,239,237,263,-1,263,237,279,-1,234,236,280,-1,280,236,281,-1,236,238,281,-1,281,238,282,-1,238,240,282,-1,282,240,283,-1,248,284,285,-1,248,285,246,-1,246,285,286,-1,246,286,244,-1,244,286,287,-1,244,287,242,-1,242,287,283,-1,242,283,240,-1,256,288,289,-1,256,289,254,-1,254,289,290,-1,254,290,252,-1,252,290,291,-1,252,291,250,-1,250,291,284,-1,250,284,248,-1,228,292,293,-1,228,293,226,-1,226,293,294,-1,226,294,260,-1,260,294,295,-1,260,295,258,-1,258,295,288,-1,258,288,256,-1,234,280,296,-1,234,296,232,-1,232,296,297,-1,232,297,230,-1,230,297,292,-1,230,292,228,-1,
        ]
    }
}
Shape{
    appearance Appearance {
        material  Material 	{
            diffuseColor 0.2980392156862745 0.2980392156862745 0.2980392156862745
            specularColor 0.14901960784313725 0.14901960784313725 0.14901960784313725
            ambientIntensity 0.298
            transparency 0.0
            shininess 0.5
        }
    }
    geometry IndexedFaceSet {
        ccw TRUE
        solid FALSE
        coord DEF co Coordinate {
            point [
                2.2173 2.1977 0.2835, 2.2173 2.136 0.2835, 2.2294 2.1977 0.2835, 2.2289 2.136 0.2835, 2.2388 2.137 0.2835, 2.2457 2.1394 0.2835, 2.2511 2.1428 0.2835, 2.2527 2.1443 0.2835, 2.2569 2.1496 0.2835, 2.2596 2.1556 0.2835, 2.2611 2.1631 0.2835, 2.2613 2.1676 0.2835, 2.2603 2.1769 0.2835, 2.2581 2.183 0.2835, 2.2551 2.1876 0.2835, 2.2525 2.1902 0.2835, 2.2393 2.1966 0.2835, 2.2463 2.1942 0.2835
            ]
        }
        coordIndex [
            0,1,2,-1,2,1,3,-1,2,3,4,-1,4,5,2,-1,2,5,6,-1,2,6,7,-1,7,8,2,-1,2,8,9,-1,2,9,10,-1,10,11,2,-1,2,11,12,-1,2,12,13,-1,13,14,2,-1,2,14,15,-1,2,15,16,-1,16,15,17,-1,
        ]
    }
}
Shape{
    appearance Appearance {
        material  Material 	{
            diffuseColor 1.0 1.0 1.0
            specularColor 0.5019607843137255 0.5019607843137255 0.5019607843137255
            ambientIntensity 1.0
            transparency 0.0
            shininess 0.5
        }
    }
    geometry IndexedFaceSet {
        ccw TRUE
        solid FALSE
        coord DEF co Coordinate {
            point [
                2.299 2.1578 0.2874, 2.2957 2.1487 0.2874, 2.3259 2.1578 0.2874, 2.329 2.1487 0.2874, 2.311 2.1911 0.2874, 2.3071 2.2069 0.2874, 2.2766 2.1268 0.2874, 2.288 2.1268 0.2874, 2.3116 2.1934 0.2874, 2.3123 2.1967 0.2874, 2.3181 2.2069 0.2874, 2.3125 2.1967 0.2874, 2.3132 2.1933 0.2874, 2.3138 2.1911 0.2874, 2.3486 2.1268 0.2874, 2.3372 2.1268 0.2874, 2.3181 2.2069 0.2835, 2.3486 2.1268 0.2835, 2.3071 2.2069 0.2835, 2.2766 2.1268 0.2835, 2.288 2.1268 0.2835, 2.2957 2.1487 0.2835, 2.329 2.1487 0.2835, 2.3372 2.1268 0.2835, 2.299 2.1578 0.2835, 2.3259 2.1578 0.2835, 2.3138 2.1911 0.2835, 2.3125 2.1967 0.2835, 2.3132 2.1933 0.2835, 2.3123 2.1967 0.2835, 2.311 2.1911 0.2835, 2.3116 2.1934 0.2835
            ]
        }
        coordIndex [
            0,1,2,-1,2,1,3,-1,4,5,0,-1,0,5,6,-1,0,6,1,-1,1,6,7,-1,4,8,5,-1,5,8,9,-1,5,9,10,-1,10,9,11,-1,10,11,12,-1,12,13,10,-1,10,13,2,-1,10,2,14,-1,14,2,3,-1,14,3,15,-1,10,14,16,-1,16,14,17,-1,5,10,18,-1,18,10,16,-1,6,5,19,-1,19,5,18,-1,7,6,20,-1,20,6,19,-1,1,7,21,-1,21,7,20,-1,3,1,22,-1,22,1,21,-1,15,3,23,-1,23,3,22,-1,14,15,17,-1,17,15,23,-1,0,2,24,-1,24,2,25,-1,2,13,25,-1,25,13,26,-1,11,27,28,-1,11,28,12,-1,12,28,26,-1,12,26,13,-1,11,9,27,-1,27,9,29,-1,4,30,31,-1,4,31,8,-1,8,31,29,-1,8,29,9,-1,4,0,30,-1,30,0,24,-1,
        ]
    }
}
Shape{
    appearance Appearance {
        material  Material 	{
            diffuseColor 0.2980392156862745 0.2980392156862745 0.2980392156862745
            specularColor 0.14901960784313725 0.14901960784313725 0.14901960784313725
            ambientIntensity 0.298
            transparency 0.0
            shininess 0.5
        }
    }
    geometry IndexedFaceSet {
        ccw TRUE
        solid FALSE
        coord DEF co Coordinate {
            point [
                2.3125 2.1967 0.2835, 2.3123 2.1967 0.2835, 2.3132 2.1933 0.2835, 2.3116 2.1934 0.2835, 2.3138 2.1911 0.2835, 2.311 2.1911 0.2835, 2.3259 2.1578 0.2835, 2.299 2.1578 0.2835
            ]
        }
        coordIndex [
            0,1,2,-1,2,1,3,-1,2,3,4,-1,4,3,5,-1,4,5,6,-1,6,5,7,-1,
        ]
    }
}
Shape{
    appearance Appearance {
        material  Material 	{
            diffuseColor 1.0 1.0 1.0
            specularColor 0.5019607843137255 0.5019607843137255 0.5019607843137255
            ambientIntensity 1.0
            transparency 0.0
            shininess 0.5
        }
    }
    geometry IndexedFaceSet {
        ccw TRUE
        solid FALSE
        coord DEF co Coordinate {
            point [
                1.5734 2.1154 0.2874, 1.5819 2.105 0.2874, 1.5683 2.1658 0.2874, 1.5583 2.2647 0.2874, 1.5709 2.2715 0.2874, 1.568 2.3065 0.2874, 1.6036 2.3082 0.2874, 1.6212 2.2666 0.2874, 1.6299 2.2846 0.2874, 1.5558 2.1735 0.2874, 1.5605 2.1299 0.2874, 1.5677 2.1277 0.2874, 1.5905 2.3093 0.2874, 1.6259 2.167 0.2874, 1.6312 2.1651 0.2874, 1.6787 2.1516 0.2874, 1.6358 2.162 0.2874, 1.6395 2.1579 0.2874, 1.7584 2.1937 0.2874, 1.7408 2.2239 0.2874, 1.6645 2.1841 0.2874, 1.6212 2.1675 0.2874, 1.6156 2.1668 0.2874, 1.6081 2.2017 0.2874, 1.6107 2.1649 0.2874, 1.5956 2.1969 0.2874, 1.6062 2.1617 0.2874, 1.5839 2.1888 0.2874, 1.604 2.1593 0.2874, 1.5745 2.178 0.2874, 1.601 2.1546 0.2874, 1.5993 2.1493 0.2874, 1.5991 2.1437 0.2874, 1.6424 2.1996 0.2874, 1.6287 2.203 0.2874, 1.6218 2.2034 0.2874, 1.642 2.1533 0.2874, 1.6433 2.148 0.2874, 1.6787 2.1459 0.2874, 1.6433 2.1428 0.2874, 1.6784 2.1399 0.2874, 1.6152 2.3217 0.2874, 1.6427 2.2999 0.2874, 1.6286 2.3332 0.2874, 1.6579 2.311 0.2874, 1.6425 2.3418 0.2874, 1.585 2.2748 0.2874, 1.591 2.2751 0.2874, 1.597 2.3089 0.2874, 1.6045 2.2734 0.2874, 1.6173 2.2687 0.2874, 1.6545 2.1931 0.2874, 1.8404 2.1522 0.2874, 1.8139 2.1748 0.2874, 1.8249 2.1391 0.2874, 1.8055 2.1679 0.2874, 1.8075 2.1306 0.2874, 1.7955 2.1633 0.2874, 1.7886 2.1266 0.2874, 1.7852 2.1613 0.2874, 1.755 2.1266 0.2874, 1.7595 2.1613 0.2874, 1.7518 2.1271 0.2874, 1.6001 2.1384 0.2874, 1.6024 2.1336 0.2874, 1.7772 2.2501 0.2874, 1.7817 2.2501 0.2874, 1.8051 2.2808 0.2874, 1.791 2.2491 0.2874, 1.8078 2.2799 0.2874, 1.8011 2.2456 0.2874, 1.8248 2.2715 0.2874, 1.8101 2.2398 0.2874, 1.8402 2.2585 0.2874, 1.8177 2.2318 0.2874, 1.8519 2.2423 0.2874, 1.8231 2.222 0.2874, 1.8588 2.2249 0.2874, 1.8258 2.2111 0.2874, 1.8614 2.2063 0.2874, 1.8261 2.2057 0.2874, 1.8588 2.186 0.2874, 1.8248 2.1946 0.2874, 1.8517 2.1679 0.2874, 1.8208 2.1844 0.2874, 1.8146 2.1756 0.2874, 1.7743 2.3258 0.2874, 1.752 2.2997 0.2874, 1.7932 2.304 0.2874, 1.7649 2.2844 0.2874, 1.7737 2.2661 0.2874, 1.5358 2.232 0.2874, 1.4984 2.2225 0.2874, 1.5341 2.2182 0.2874, 1.4982 2.2171 0.2874, 1.5348 2.2093 0.2874, 1.501 2.1947 0.2874, 1.5389 2.1954 0.2874, 1.5092 2.1735 0.2874, 1.5456 2.184 0.2874, 1.5222 2.155 0.2874, 1.5399 2.1399 0.2874, 1.675 2.1258 0.2874, 1.6419 2.1373 0.2874, 1.6683 2.1131 0.2874, 1.6393 2.1324 0.2874, 1.6596 2.1035 0.2874, 1.6362 2.1289 0.2874, 1.6483 2.0956 0.2874, 1.6318 2.1258 0.2874, 1.6356 2.0907 0.2874, 1.6269 2.1239 0.2874, 1.6218 2.089 0.2874, 1.6212 2.1231 0.2874, 1.6196 2.089 0.2874, 1.6202 2.1232 0.2874, 1.6062 2.0911 0.2874, 1.6151 2.124 0.2874, 1.593 2.0966 0.2874, 1.61 2.1262 0.2874, 1.6056 2.1295 0.2874, 1.6688 2.3519 0.2874, 1.6765 2.3185 0.2874, 1.6969 2.3554 0.2874, 1.6975 2.3212 0.2874, 1.7204 2.3529 0.2874, 1.7168 2.3189 0.2874, 1.749 2.3429 0.2874, 1.7347 2.312 0.2874, 1.7507 2.3009 0.2874, 1.5469 2.2983 0.2874, 1.5288 2.2856 0.2874, 1.5486 2.2561 0.2874, 1.525 2.282 0.2874, 1.5407 2.2447 0.2874, 1.5113 2.2644 0.2874, 1.5022 2.2439 0.2874, 1.7567 2.1618 0.2874, 1.743 2.1325 0.2874, 1.7443 2.1312 0.2874, 1.7584 2.1614 0.2874, 1.748 2.1286 0.2874, 1.7385 2.1442 0.2874, 1.739 2.14 0.2874, 1.7405 2.1361 0.2874, 1.7517 2.1613 0.2874, 1.7478 2.1597 0.2874, 1.7386 2.1464 0.2874, 1.7443 2.1573 0.2874, 1.742 2.1547 0.2874, 1.7398 2.1508 0.2874, 1.7561 2.1618 0.2874, 1.844 2.2532 0.2835, 1.8519 2.2423 0.2835, 1.8569 2.2297 0.2835, 1.8588 2.2249 0.2835, 1.8614 2.2063 0.2835, 1.8402 2.2585 0.2835, 1.8248 2.2715 0.2835, 1.8078 2.2799 0.2835, 1.8051 2.2808 0.2835, 1.7932 2.304 0.2835, 1.7743 2.3258 0.2835, 1.7613 2.3346 0.2835, 1.749 2.3429 0.2835, 1.7204 2.3529 0.2835, 1.6969 2.3554 0.2835, 1.6688 2.3519 0.2835, 1.6425 2.3418 0.2835, 1.6309 2.3346 0.2835, 1.6286 2.3332 0.2835, 1.6152 2.3217 0.2835, 1.6036 2.3082 0.2835, 1.597 2.3089 0.2835, 1.5905 2.3093 0.2835, 1.568 2.3065 0.2835, 1.5469 2.2983 0.2835, 1.5288 2.2856 0.2835, 1.525 2.282 0.2835, 1.5113 2.2644 0.2835, 1.5063 2.2532 0.2835, 1.5022 2.2439 0.2835, 1.4997 2.2297 0.2835, 1.4984 2.2225 0.2835, 1.4982 2.2171 0.2835, 1.501 2.1947 0.2835, 1.5092 2.1735 0.2835, 1.5222 2.155 0.2835, 1.5399 2.1399 0.2835, 1.5605 2.1299 0.2835, 1.5677 2.1277 0.2835, 1.5684 2.1262 0.2835, 1.5734 2.1154 0.2835, 1.5819 2.105 0.2835, 1.593 2.0966 0.2835, 1.5982 2.0944 0.2835, 1.6062 2.0911 0.2835, 1.6196 2.089 0.2835, 1.6218 2.089 0.2835, 1.6787 2.1459 0.2835, 1.6356 2.0907 0.2835, 1.6453 2.0944 0.2835, 1.6483 2.0956 0.2835, 1.6596 2.1035 0.2835, 1.6683 2.1131 0.2835, 1.675 2.1258 0.2835, 1.6751 2.1262 0.2835, 1.6784 2.1399 0.2835, 1.6787 2.1516 0.2835, 1.7584 2.1937 0.2835, 1.7408 2.2239 0.2835, 1.6645 2.1841 0.2835, 1.6545 2.1931 0.2835, 1.6424 2.1996 0.2835, 1.6287 2.203 0.2835, 1.6218 2.2034 0.2835, 1.6081 2.2017 0.2835, 1.5956 2.1969 0.2835, 1.5839 2.1888 0.2835, 1.5745 2.178 0.2835, 1.5683 2.1658 0.2835, 1.5558 2.1735 0.2835, 1.5456 2.184 0.2835, 1.5389 2.1954 0.2835, 1.5348 2.2093 0.2835, 1.5341 2.2182 0.2835, 1.5355 2.2297 0.2835, 1.5358 2.232 0.2835, 1.5407 2.2447 0.2835, 1.5466 2.2532 0.2835, 1.5486 2.2561 0.2835, 1.5583 2.2647 0.2835, 1.5709 2.2715 0.2835, 1.585 2.2748 0.2835, 1.591 2.2751 0.2835, 1.6045 2.2734 0.2835, 1.6173 2.2687 0.2835, 1.6212 2.2666 0.2835, 1.6299 2.2846 0.2835, 1.6427 2.2999 0.2835, 1.6579 2.311 0.2835, 1.6765 2.3185 0.2835, 1.6975 2.3212 0.2835, 1.7168 2.3189 0.2835, 1.7347 2.312 0.2835, 1.7507 2.3009 0.2835, 1.752 2.2997 0.2835, 1.7649 2.2844 0.2835, 1.7737 2.2661 0.2835, 1.7765 2.2532 0.2835, 1.7772 2.2501 0.2835, 1.7817 2.2501 0.2835, 1.791 2.2491 0.2835, 1.8011 2.2456 0.2835, 1.8101 2.2398 0.2835, 1.8177 2.2318 0.2835, 1.8188 2.2297 0.2835, 1.8231 2.222 0.2835, 1.8258 2.2111 0.2835, 1.8261 2.2057 0.2835, 1.8248 2.1946 0.2835, 1.8208 2.1844 0.2835, 1.8146 2.1756 0.2835, 1.8139 2.1748 0.2835, 1.8055 2.1679 0.2835, 1.7955 2.1633 0.2835, 1.7852 2.1613 0.2835, 1.7595 2.1613 0.2835, 1.7584 2.1614 0.2835, 1.7567 2.1618 0.2835, 1.7561 2.1618 0.2835, 1.7517 2.1613 0.2835, 1.7478 2.1597 0.2835, 1.7443 2.1573 0.2835, 1.742 2.1547 0.2835, 1.7398 2.1508 0.2835, 1.7386 2.1464 0.2835, 1.7385 2.1442 0.2835, 1.739 2.14 0.2835, 1.7405 2.1361 0.2835, 1.743 2.1325 0.2835, 1.7443 2.1312 0.2835, 1.748 2.1286 0.2835, 1.7518 2.1271 0.2835, 1.755 2.1266 0.2835, 1.7886 2.1266 0.2835, 1.8075 2.1306 0.2835, 1.8249 2.1391 0.2835, 1.8404 2.1522 0.2835, 1.8517 2.1679 0.2835, 1.8588 2.186 0.2835, 1.6212 2.1675 0.2835, 1.6259 2.167 0.2835, 1.6312 2.1651 0.2835, 1.6358 2.162 0.2835, 1.6395 2.1579 0.2835, 1.642 2.1533 0.2835, 1.6433 2.148 0.2835, 1.6433 2.1428 0.2835, 1.6419 2.1373 0.2835, 1.6393 2.1324 0.2835, 1.6362 2.1289 0.2835, 1.6318 2.1258 0.2835, 1.6269 2.1239 0.2835, 1.6212 2.1231 0.2835, 1.6202 2.1232 0.2835, 1.6151 2.124 0.2835, 1.61 2.1262 0.2835, 1.6056 2.1295 0.2835, 1.6024 2.1336 0.2835, 1.6001 2.1384 0.2835, 1.5991 2.1437 0.2835, 1.5993 2.1493 0.2835, 1.601 2.1546 0.2835, 1.604 2.1593 0.2835, 1.6062 2.1617 0.2835, 1.6107 2.1649 0.2835, 1.6156 2.1668 0.2835
            ]
        }
        coordIndex [
            0,1,2,-1,3,4,5,-1,6,7,8,-1,9,10,2,-1,2,10,11,-1,2,11,0,-1,5,4,12,-1,13,14,15,-1,15,14,16,-1,15,16,17,-1,18,19,15,-1,15,19,20,-1,15,20,13,-1,13,20,21,-1,22,23,24,-1,24,23,25,-1,24,25,26,-1,26,25,27,-1,26,27,28,-1,28,27,29,-1,28,29,30,-1,30,29,2,-1,30,2,31,-1,31,2,32,-1,33,34,22,-1,22,34,35,-1,22,35,23,-1,17,36,15,-1,15,36,37,-1,15,37,38,-1,38,37,39,-1,38,39,40,-1,6,8,41,-1,41,8,42,-1,41,42,43,-1,43,42,44,-1,43,44,45,-1,4,46,12,-1,12,46,47,-1,12,47,48,-1,48,47,49,-1,48,49,6,-1,6,49,50,-1,6,50,7,-1,21,20,22,-1,22,20,51,-1,22,51,33,-1,52,53,54,-1,54,53,55,-1,54,55,56,-1,56,55,57,-1,56,57,58,-1,58,57,59,-1,58,59,60,-1,60,59,61,-1,60,61,62,-1,32,2,63,-1,63,2,1,-1,63,1,64,-1,65,66,67,-1,67,66,68,-1,67,68,69,-1,69,68,70,-1,69,70,71,-1,71,70,72,-1,71,72,73,-1,73,72,74,-1,73,74,75,-1,75,74,76,-1,75,76,77,-1,77,76,78,-1,77,78,79,-1,79,78,80,-1,79,80,81,-1,81,80,82,-1,81,82,83,-1,83,82,84,-1,83,84,52,-1,52,84,85,-1,52,85,53,-1,86,87,88,-1,88,87,89,-1,88,89,67,-1,67,89,90,-1,67,90,65,-1,91,92,93,-1,93,92,94,-1,93,94,95,-1,95,94,96,-1,95,96,97,-1,97,96,98,-1,97,98,99,-1,99,98,100,-1,99,100,9,-1,9,100,101,-1,9,101,10,-1,40,39,102,-1,102,39,103,-1,102,103,104,-1,104,103,105,-1,104,105,106,-1,106,105,107,-1,106,107,108,-1,108,107,109,-1,108,109,110,-1,110,109,111,-1,110,111,112,-1,112,111,113,-1,112,113,114,-1,114,113,115,-1,114,115,116,-1,116,115,117,-1,116,117,118,-1,118,117,119,-1,118,119,1,-1,1,119,120,-1,1,120,64,-1,45,44,121,-1,121,44,122,-1,121,122,123,-1,123,122,124,-1,123,124,125,-1,125,124,126,-1,125,126,127,-1,127,126,128,-1,127,128,86,-1,86,128,129,-1,86,129,87,-1,5,130,3,-1,3,130,131,-1,3,131,132,-1,132,131,133,-1,132,133,134,-1,134,133,135,-1,134,135,91,-1,91,135,136,-1,91,136,92,-1,137,138,139,-1,61,140,62,-1,62,140,137,-1,62,137,141,-1,141,137,139,-1,142,143,137,-1,137,143,144,-1,137,144,138,-1,145,146,147,-1,146,148,147,-1,147,148,149,-1,147,149,150,-1,142,137,147,-1,147,137,151,-1,147,151,145,-1,152,73,153,-1,153,73,75,-1,153,75,154,-1,154,75,77,-1,154,77,155,-1,155,77,79,-1,155,79,156,-1,152,157,73,-1,73,157,158,-1,73,158,71,-1,71,158,159,-1,71,159,69,-1,69,159,160,-1,69,160,67,-1,67,160,161,-1,67,161,88,-1,88,161,162,-1,88,162,86,-1,127,86,163,-1,163,86,162,-1,163,164,127,-1,127,164,165,-1,127,165,125,-1,125,165,166,-1,125,166,123,-1,123,166,167,-1,123,167,121,-1,121,167,168,-1,121,168,45,-1,45,168,43,-1,43,168,169,-1,43,169,170,-1,43,170,171,-1,43,171,41,-1,41,171,172,-1,41,172,6,-1,6,172,173,-1,6,173,48,-1,48,173,174,-1,48,174,12,-1,12,174,175,-1,12,175,5,-1,5,175,176,-1,5,176,130,-1,130,176,177,-1,130,177,131,-1,131,177,178,-1,131,178,133,-1,136,135,179,-1,179,135,133,-1,179,133,178,-1,179,180,136,-1,136,180,181,-1,136,181,92,-1,92,181,182,-1,182,183,92,-1,92,183,184,-1,92,184,94,-1,94,184,185,-1,94,185,96,-1,96,185,186,-1,96,186,98,-1,98,186,187,-1,98,187,100,-1,100,187,188,-1,100,188,101,-1,101,188,189,-1,101,189,10,-1,10,189,190,-1,10,190,11,-1,11,190,191,-1,11,191,0,-1,191,192,0,-1,0,192,193,-1,0,193,1,-1,1,193,194,-1,1,194,118,-1,118,194,195,-1,118,195,116,-1,195,196,116,-1,116,196,197,-1,116,197,114,-1,114,197,198,-1,114,198,112,-1,199,38,40,-1,112,198,200,-1,201,108,200,-1,200,108,110,-1,200,110,112,-1,201,202,108,-1,108,202,203,-1,108,203,106,-1,106,203,204,-1,106,204,104,-1,104,204,205,-1,104,205,102,-1,102,205,206,-1,102,206,40,-1,40,206,207,-1,40,207,199,-1,15,38,208,-1,208,38,199,-1,18,15,209,-1,209,15,208,-1,19,18,210,-1,210,18,209,-1,20,19,211,-1,211,19,210,-1,20,211,212,-1,20,212,51,-1,51,212,213,-1,51,213,33,-1,33,213,214,-1,33,214,34,-1,34,214,215,-1,34,215,35,-1,35,215,216,-1,35,216,23,-1,23,216,217,-1,23,217,25,-1,25,217,218,-1,25,218,27,-1,27,218,219,-1,27,219,29,-1,29,219,220,-1,29,220,2,-1,2,220,221,-1,2,221,9,-1,9,221,222,-1,9,222,99,-1,99,222,223,-1,99,223,97,-1,97,223,224,-1,97,224,95,-1,95,224,225,-1,95,225,93,-1,91,93,225,-1,225,226,91,-1,91,226,227,-1,91,227,228,-1,229,132,228,-1,228,132,134,-1,228,134,91,-1,229,230,132,-1,132,230,231,-1,132,231,3,-1,3,231,232,-1,3,232,4,-1,4,232,233,-1,4,233,46,-1,46,233,234,-1,46,234,47,-1,47,234,235,-1,47,235,49,-1,49,235,236,-1,49,236,50,-1,50,236,237,-1,50,237,7,-1,7,237,238,-1,7,238,8,-1,8,238,239,-1,8,239,42,-1,42,239,240,-1,42,240,44,-1,44,240,241,-1,44,241,122,-1,122,241,242,-1,122,242,124,-1,124,242,243,-1,124,243,126,-1,126,243,244,-1,126,244,128,-1,128,244,245,-1,128,245,129,-1,129,245,246,-1,129,246,87,-1,87,246,247,-1,87,247,89,-1,89,247,248,-1,89,248,90,-1,90,248,65,-1,65,248,249,-1,65,249,250,-1,66,65,251,-1,251,65,250,-1,66,251,252,-1,66,252,68,-1,68,252,253,-1,68,253,70,-1,70,253,254,-1,70,254,72,-1,72,254,255,-1,72,255,74,-1,74,255,256,-1,74,256,76,-1,256,257,76,-1,76,257,258,-1,76,258,78,-1,78,258,259,-1,78,259,80,-1,80,259,260,-1,80,260,82,-1,82,260,261,-1,82,261,84,-1,84,261,262,-1,84,262,85,-1,85,262,263,-1,85,263,53,-1,53,263,264,-1,53,264,55,-1,55,264,265,-1,55,265,57,-1,57,265,266,-1,57,266,59,-1,61,59,267,-1,267,59,266,-1,61,267,268,-1,61,268,140,-1,140,268,269,-1,140,269,137,-1,137,269,270,-1,137,270,151,-1,151,270,271,-1,151,271,145,-1,145,271,272,-1,145,272,146,-1,146,272,273,-1,146,273,148,-1,148,273,274,-1,148,274,149,-1,149,274,275,-1,149,275,150,-1,150,275,276,-1,150,276,147,-1,147,276,277,-1,147,277,142,-1,142,277,278,-1,142,278,143,-1,143,278,279,-1,143,279,144,-1,144,279,280,-1,144,280,138,-1,138,280,281,-1,138,281,139,-1,139,281,282,-1,139,282,141,-1,141,282,283,-1,141,283,62,-1,62,283,284,-1,62,284,60,-1,58,60,285,-1,285,60,284,-1,58,285,286,-1,58,286,56,-1,56,286,287,-1,56,287,54,-1,54,287,288,-1,54,288,52,-1,52,288,289,-1,52,289,83,-1,83,289,290,-1,83,290,81,-1,81,290,156,-1,81,156,79,-1,21,291,292,-1,21,292,13,-1,13,292,293,-1,13,293,14,-1,14,293,294,-1,14,294,16,-1,16,294,295,-1,16,295,17,-1,17,295,296,-1,17,296,36,-1,36,296,297,-1,36,297,37,-1,37,297,298,-1,37,298,39,-1,39,298,299,-1,39,299,103,-1,103,299,300,-1,103,300,105,-1,105,300,301,-1,105,301,107,-1,107,301,302,-1,107,302,109,-1,109,302,303,-1,109,303,111,-1,111,303,304,-1,111,304,113,-1,113,304,305,-1,113,305,115,-1,115,305,306,-1,115,306,117,-1,117,306,307,-1,117,307,119,-1,119,307,308,-1,119,308,120,-1,120,308,309,-1,120,309,64,-1,64,309,310,-1,64,310,63,-1,63,310,311,-1,63,311,32,-1,32,311,312,-1,32,312,31,-1,31,312,313,-1,31,313,30,-1,30,313,314,-1,30,314,28,-1,28,314,315,-1,28,315,26,-1,26,315,316,-1,26,316,24,-1,24,316,317,-1,24,317,22,-1,22,317,291,-1,22,291,21,-1,
        ]
    }
}
Shape{
    appearance Appearance {
        material  Material 	{
            diffuseColor 0.2980392156862745 0.2980392156862745 0.2980392156862745
            specularColor 0.14901960784313725 0.14901960784313725 0.14901960784313725
            ambientIntensity 0.298
            transparency 0.0
            shininess 0.5
        }
    }
    geometry IndexedFaceSet {
        ccw TRUE
        solid FALSE
        coord DEF co Coordinate {
            point [
                1.6202 2.1232 0.2835, 1.6062 2.1617 0.2835, 1.604 2.1593 0.2835, 1.6269 2.1239 0.2835, 1.6318 2.1258 0.2835, 1.6259 2.167 0.2835, 1.6212 2.1675 0.2835, 1.6156 2.1668 0.2835, 1.6107 2.1649 0.2835, 1.6001 2.1384 0.2835, 1.6024 2.1336 0.2835, 1.6056 2.1295 0.2835, 1.6212 2.1231 0.2835, 1.601 2.1546 0.2835, 1.5993 2.1493 0.2835, 1.5991 2.1437 0.2835, 1.61 2.1262 0.2835, 1.6151 2.124 0.2835, 1.6362 2.1289 0.2835, 1.6393 2.1324 0.2835, 1.6419 2.1373 0.2835, 1.6433 2.1428 0.2835, 1.6433 2.148 0.2835, 1.642 2.1533 0.2835, 1.6395 2.1579 0.2835, 1.6358 2.162 0.2835, 1.6312 2.1651 0.2835
            ]
        }
        coordIndex [
            0,1,2,-1,3,4,5,-1,6,7,0,-1,0,7,8,-1,0,8,1,-1,9,10,2,-1,2,10,11,-1,6,0,5,-1,5,0,12,-1,5,12,3,-1,13,14,2,-1,2,14,15,-1,2,15,9,-1,11,16,2,-1,2,16,17,-1,2,17,0,-1,4,18,5,-1,5,18,19,-1,5,19,20,-1,20,21,5,-1,5,21,22,-1,5,22,23,-1,23,24,5,-1,5,24,25,-1,5,25,26,-1,
        ]
    }
}